vendor_name,on_time_delivery_rate,average_delivery_delay_days,defect_rate,cancellation_rate,return_rate,compliance_score,order_volume,average_order_value,quote_rejection_rate,payment_delay_rate,historical_penalty_count,risk_label
Delta Solutions 4490,0.845962804735675,12,0.03168648864942716,0.0924731125254838,0.07330545499314971,83.18258172007053,836,335004,0.07903055451664129,0.13096155356390157,5,medium
Pulsar Logistics 9234,0.5136783455540525,20,0.25042218673368977,0.14510064794345287,0.125453193245367,57.82911669304464,85,4291,0.16460785272458822,0.15024067847672315,17,high
Peak Partners 2162,0.7641499566484904,15,0.14515488903238047,0.19003266776540229,0.1906246352460452,43.26067895159807,1326,102505,0.3332280492509669,0.18093034975952282,10,high
Delta Resources 2607,0.7141160916250956,4,0.04846844778746282,0.08901174696564958,0.06813853672445458,69.07087288181947,825,179550,0.1657651605402251,0.12702077962009706,3,medium
Quantum Industries 3445,0.7524307750361421,4,0.09067848976155347,0.014221346144523653,0.11427116492532279,63.3175972179228,1361,70146,0.15403273382550484,0.1325254196983421,6,medium
Cobalt Systems 306,0.7658098371508875,5,0.07897889870599184,0.11075810117379578,0.1298079313758413,64.38674516736073,1838,2999,0.2031597541018472,0.11071052732945712,3,medium
Pulsar Enterprises 1001,0.7436928020420528,10,0.07647378273150454,0.08056166647623245,0.09236770156478728,64.66321228312808,2609,287694,0.11333226315053843,0.11290250557014192,8,medium
Apex Networks 7484,0.7999506852696804,11,0.059588068871777505,0.036986297634545716,0.1239349782562403,75.54245716533114,111,207635,0.0726980058185287,0.11985626248947241,8,medium
Atlas Logistics 1469,0.6293727174261647,16,0.09417802304555889,0.15476598183400536,0.10125646609486404,44.20011179039825,1638,1000,0.303695761337966,0.1923542004536791,17,high
Atlas Manufacturing 6979,0.9991590744205889,1,0.009036737134863658,0.03046433034179233,0.016271505669906275,95.20153695401133,1235,481078,0.030459979298708965,0.003915405803203128,3,low
Onyx Supplies 1470,0.6382826240658258,32,0.11187026616639273,0.21758140149858612,0.29651735885560665,52.504554090255475,583,129215,0.29415898750729497,0.24239610317863083,3,high
Cobalt Solutions 806,0.8732999701622752,2,0.004527692583105852,0.038936105763930876,0.04002617667165794,98.32806604930047,1778,358981,0.03930683562874991,0.0,2,low
Alpha Manufacturing 8654,0.7866013455969063,5,0.09158978263969775,0.1179903109102501,0.14336438453320643,80.2452051408816,990,149516,0.07510495570060866,0.08485102176863384,6,medium
Prime Networks 8984,0.36226184928877847,38,0.5035527457145308,0.3230020972072272,0.3219558792678809,31.16630404081123,447,73508,0.48668062699950543,0.39262310361889463,47,critical
Quantum Industries 6696,0.19144671574311742,31,0.4737286340281774,0.49227333909850296,0.3099316171403601,42.480282123171634,430,82426,0.5113009056489746,0.5238841083193073,34,critical
Nova Supplies 4220,0.5766884507097367,21,0.17941600416301656,0.13658371406226696,0.17926668706489274,41.11145687917437,1787,151216,0.32024719834498105,0.18417937137012533,17,high
Peak Trading 2744,0.8379911352813992,1,0.024356562609109997,0.019861050023390028,0.006611334242199324,81.28394846217854,3551,271224,0.03257211728139568,0.012284413779062014,3,low
Zenith Group 3425,0.6430231988276691,37,0.19602287455962814,0.11296953607428083,0.1407816972357774,60.88315069729517,1880,164896,0.2437868164775384,0.28620613772679215,6,high
Pinnacle Manufacturing 3966,0.5608186601151974,32,0.24803506975951997,0.23502376180952206,0.24107820464445973,49.53237609195018,615,160174,0.16281492223613955,0.1935348043096961,11,high
Phoenix Corp 2713,0.9719093709996608,1,0.006787368663091336,0.013593043639040365,0.027544085451070784,81.78884523991968,2023,38962,0.030224830223231462,0.05071658948516542,2,low
Falcon Systems 3783,0.8873046390939431,13,0.045071429632347886,0.032422104609803486,0.06301315444451727,70.65857959129757,3034,1000,0.1368458473197831,0.0524666807992612,10,medium
Atlantic Materials 9983,0.8722534741869793,4,0.04599928103928763,0.04046539448095407,0.01107403887805629,84.9291793376555,2755,422979,0.06508814630290273,0.020341571169959344,2,low
Peak Global 9216,0.8974511081595541,5,0.03300429582028349,0.028843893177840595,0.01199746874081505,78.86686956509308,4660,368540,0.022481149597927727,0.014777441936838828,1,low
Pinnacle Partners 8073,0.7083564677690833,4,0.11075237451554647,0.09712570931867588,0.11895632901700315,61.497303664108316,3783,276779,0.1618414504364211,0.13081145931239624,3,medium
Peak Solutions 5744,0.9413661507660235,4,0.02348536525132178,0.021306670583503707,0.04822635655444911,79.50809479432625,2163,110227,0.07907793408865055,0.03235668632741953,3,low
Vertex Corp 6431,0.9629701341342904,0,0.05310300445560494,0.051358907212920316,0.0416898542668335,83.20594878435736,2842,300632,0.025986470735835557,0.05056584335129038,2,low
Zenith Enterprises 4746,0.9527783739538295,0,0.010869995097476453,0.05790980790664049,0.02053209074459141,92.17574090818957,681,37977,0.07104632209914834,0.010639057601901671,1,low
Pulsar Networks 1068,0.2648646286423315,52,0.2411789127467976,0.26518831545471405,0.22832448541710867,40.626796074635195,182,62116,0.2940172445298533,0.4322373049972998,17,critical
Summit Networks 9215,0.5420702998575552,53,0.23369696576168877,0.2750043259849551,0.3604186271635334,16.252159514468683,76,75329,0.5690954346321503,0.5219604082389956,43,critical
Prime Enterprises 1998,0.30506019887815644,39,0.2530585637369241,0.40430635323088693,0.38915032827389,7.237737602569935,138,26853,0.4833917517820335,0.3497663091922089,14,critical
Delta Distribution 1714,0.9885896635657044,5,0.04152015415566738,0.034801610848557936,0.04488969023403944,90.06660170059575,994,407672,0.07812272294346925,0.0022525470307156845,0,low
Pulsar Industries 8089,0.856625800015949,5,0.04805241108071366,0.024571230740882403,0.0,96.06961740582138,3200,287795,0.0,0.039699791855804016,1,low
Phoenix Group 9637,0.8169252310847224,5,0.07609473813510367,0.06651865346442964,0.07467519275303379,87.85138592375773,1879,203069,0.08034195019940438,0.1444468664845599,9,medium
Onyx Manufacturing 8074,0.8360701158419729,9,0.09232432295735354,0.1044741674635133,0.08568460318575823,79.92675735840575,636,60967,0.19942364818891814,0.1137445281147883,5,medium
Neptune Manufacturing 6471,0.9464409761344291,1,0.0005409129545734261,0.029190564361474356,0.01798455005447784,92.4694130511615,3571,46589,0.012141455355539128,0.04984037663063428,3,low
Nova Industries 8569,0.8855020938055036,2,0.02009329640995355,0.04151485608032653,0.030683740108473315,96.05265277076182,2686,132553,0.04507071005907676,0.030832859147116563,2,low
Prime Manufacturing 2477,0.7832493733076682,13,0.04381370041558019,0.041820696067557665,0.08783929551613694,63.184302525130725,2297,84889,0.062097421450583105,0.06900234099950023,2,medium
Summit Distribution 5788,0.7799521418297733,3,0.0410030092515687,0.11750019321019672,0.10085432904611442,68.36209163075219,3662,256481,0.17856820621868374,0.10290701638208419,12,medium
Peak Networks 7662,0.23297963606486533,53,0.48316228771585074,0.20426827746553028,0.43706888246186065,5.997812201931202,484,83247,0.5319824727432181,0.40368655805295633,45,critical
Granite Resources 7229,0.8494934027463641,5,0.026827874117572523,0.041982204387889445,0.04259634089141487,81.1647293918426,2185,122313,0.01902062267367475,0.03536032084221695,2,low
Emerald Logistics 4774,0.9362487399365995,3,0.0,0.008991909402849921,0.05548318767259461,87.71356835466067,4682,364380,0.0559812770275881,0.0024911779878168017,3,low
Mercury Systems 6083,0.9016787914730146,4,0.011215170529255988,0.02680739198247184,0.014808370806648727,78.43340917042971,5000,257150,0.06996551359562193,0.02688694047797559,1,low
Falcon Systems 5082,0.8723100431765679,3,0.0479421435886602,0.03155175629118981,0.04587364163825506,89.95595505928893,4280,216568,0.06785606356237538,0.02914773308837863,1,low
Cobalt Materials 6930,0.41222908622722293,60,0.2561815030121997,0.2938577558353085,0.39644528216721175,23.766092665801324,531,68836,0.5041943267579088,0.40985192320998665,28,critical
Emerald Systems 5663,0.9345817031251625,1,0.04816488690080966,0.009193851194940142,0.00719952641360142,98.01103966867235,1422,231245,0.03393723281705628,0.026265257290313003,2,low
Nova Partners 7441,0.9167994546700767,1,0.016452130671092236,0.019105206884371874,0.050490630997204265,82.12371810430268,914,122770,0.03436493148437439,0.0,1,low
Amber Industries 1595,0.3585771685304139,25,0.45178574068235555,0.5211724621015509,0.4259868835404238,6.456534871829691,261,93537,0.4138663433623502,0.38237525105262027,11,critical
Zenith Corp 2812,0.7795386592485598,2,0.047981735509196974,0.1027243072725721,0.0967349744039038,77.09993303601442,3453,99543,0.18082555935453534,0.12400494151765279,3,medium
Delta Components 9065,0.7911999420815244,5,0.03291025819805068,0.04854595113363036,0.032305234417465065,65.03489986514106,2714,168477,0.08872871402646244,0.08741402514301974,9,medium
Atlantic Systems 824,0.5103437661828569,23,0.21963348360189452,0.2182023824519628,0.15279357941084454,58.51325286260475,1395,86753,0.1797318493689073,0.19815863260530087,9,high
Beta Distribution 8721,0.7065547312196139,13,0.08605286670389536,0.047930858783635,0.06356039935139964,68.53648146632418,3399,111503,0.15588778639425008,0.07191469617934249,3,medium
Cobalt Logistics 4764,0.5856158266326543,27,0.08578776336269169,0.12734242863551107,0.2468153369275174,50.42229737618166,714,185714,0.32322930621141804,0.21832594665772517,22,high
Vertex Ventures 1674,0.946069464682207,3,0.0316771183109491,0.008890482743785167,0.029036510990860537,87.77699023440283,996,149056,0.06497734044482681,0.01889296826886592,2,low
Alpha Global 5469,0.8265891722342884,11,0.07364961977567976,0.122078169552246,0.05643032480824507,85.18441650537346,13,90070,0.20229411329969826,0.09219101145214761,8,medium
Mercury Systems 2075,0.9605164669106703,3,0.007904836253559113,0.029526793070556594,0.006389294431110979,85.17018186448114,1813,403528,0.03966698860745251,0.04832434533862549,1,low
Metro Solutions 3365,0.9664659377902552,2,0.017792256649338218,0.023732198049329134,0.04550868409176337,91.16609595101035,858,1000,0.0,0.00896680293817321,2,low
Vanguard Partners 8592,0.8505315467232569,4,0.020329010171409527,0.08428602706981271,0.11038692230668722,74.11682931777008,1833,154763,0.11206520518240656,0.12101664363106643,10,medium
Atlas Materials 3064,0.9104252139487709,4,0.02281135127839508,0.04687126381082086,0.047299012488262154,86.00305035407922,1988,199358,0.04422206757189262,0.021065874784543377,2,low
Stellar Supplies 4759,0.9234204792253001,2,0.02777791708830351,0.03750767354610484,0.006460844546030163,95.94610691433739,2826,312250,0.052729555230526574,0.013710440990845552,2,low
Delta Global 9542,0.58330104028968,33,0.22630016618964158,0.21866320726993874,0.11410615556762316,54.7711487152795,1515,125570,0.4167767998896786,0.10746946524855981,17,high
Sigma Group 2365,1.0,4,0.0286375232016538,0.037684977861462916,0.0059704566251853955,90.61596166464156,2150,147751,0.05549493602828442,0.015421315045385907,2,low
Mercury Logistics 7612,0.9466036163891992,4,0.0371295854949371,0.041357352814397126,0.05027434192015041,86.00637609299996,1951,433192,0.0,0.021842025933820477,2,low
Amber Technologies 3133,0.8385688625174768,14,0.04769712276374309,0.05261610875893351,0.1407013298737385,62.9352358134562,2742,93599,0.15364557791629546,0.14371495766481554,3,medium
Global Networks 3817,0.9161417964345272,1,0.017713317065705794,0.02583557016182406,0.042199084365252666,80.32895029477118,2160,76671,0.05504387448229596,0.02986455154327884,2,low
Nova Manufacturing 2205,0.723588030745979,12,0.11053554256658053,0.026192482847925767,0.13277170097974336,61.38526778824366,913,106859,0.05211391850692079,0.12940280564121567,4,medium
Vanguard Technologies 2834,0.678914753731486,9,0.035167425296603876,0.09536473563805223,0.1469945503910944,84.1012151296206,2237,152138,0.08211237711025948,0.1358103665166218,4,medium
Summit Enterprises 9800,0.9031819998293447,12,0.08964770822939105,0.046397898885238785,0.07593775833403238,64.19152894581826,1052,85504,0.11196469707841021,0.04854818984173602,3,medium
Amber Distribution 6349,0.774064655119104,14,0.11169410345079153,0.1895334066403667,0.17357196574216038,49.82075885586828,2022,17017,0.3305666773497051,0.18850999508140054,19,high
Nexus Logistics 8158,0.8920957439583576,2,0.03536722863852091,0.029989064283905017,0.006580053290525836,92.9843957594821,3453,330014,0.011726535774689633,0.01757897165885689,2,low
Onyx Trading 3613,0.8915491777952855,6,0.11053589741153172,0.12839575592911706,0.13050674352877778,72.9917815460926,2730,332777,0.05965726557467117,0.10864778965870339,9,medium
Prime Materials 495,0.8931982331465796,3,0.03864031192993338,0.03681374724163976,0.030251167395252562,89.49046471514441,2133,338166,0.02270088520095893,0.034273332934140074,2,low
Alpha Global 8485,0.8125040117575646,6,0.04819086866093325,0.034668380455346454,0.03738880845892125,76.31155943104386,546,172489,0.16315373743720796,0.12524766660956188,4,medium
Vanguard Partners 7691,0.7873683682229989,12,0.1019785250736515,0.10017866812398543,0.12313608630799204,71.03741014543255,2105,302584,0.16892031116206538,0.07961658965216677,5,medium
Emerald Corp 526,0.6777798062810861,17,0.21850318981795297,0.20473995156503388,0.2734937380921139,33.89359768168244,1643,147757,0.2842402808369554,0.2580696439783487,7,high
Falcon Partners 7784,0.9838201368446633,5,0.044338109669556085,0.04773892247115257,0.0178590057494776,90.72658323252021,3353,217461,0.05340043494226316,0.03560297497448329,3,low
Mercury Resources 6846,0.8681467933791971,3,0.046563067156689716,0.039291221507089774,0.007936151639097748,78.90201734008846,1266,1000,0.026848358329075034,0.025849757522023634,2,low
Titan Industries 1055,0.8083224194359026,11,0.04812203216651886,0.05281042565655414,0.06446533149445627,72.46206211430402,569,77220,0.1427764161749601,0.052187623526395645,12,medium
Vertex Components 8341,0.9397641723491178,3,0.008116715777970447,0.014966117331421929,0.037652873964167784,98.96453456776446,4816,383907,0.07690866570111977,0.04783582543367752,1,low
Neptune Services 5955,0.818061567122498,4,0.08424179663258421,0.08914104957044729,0.14893312748492799,72.73840309164085,766,283016,0.10771267740056946,0.06724683158548365,8,medium
Atlantic Distribution 2743,0.914318952318262,0,0.03999022934131802,0.02437083239271711,0.013971052623838867,80.66105066296322,4228,74923,0.015890420937438903,0.008830510295199413,1,low
Core Materials 8641,0.755755515897868,11,0.05638364477135015,0.08899469825245516,0.13456289757327447,65.56167379709134,122,175732,0.19339367487185286,0.08168740693163189,2,medium
Neptune Distribution 9442,0.9501403431777724,5,0.027783896816179002,0.013449478171856894,0.05868994124503995,95.3274440106377,781,297416,0.0607253751993477,0.013849649915613401,2,low
Phoenix Group 3377,0.9049115602999365,3,0.0047037426565884255,0.03405407622773211,0.060405726338760846,89.4122524811676,2395,25595,0.03138338384826922,0.0514469125808333,2,low
Vanguard Supplies 6813,0.9158151956541678,2,0.03292962562159643,0.012522912473063072,0.044697095308260416,87.29011659316042,1894,399254,0.01439246877527742,0.03909789383167118,2,low
Global Ventures 9726,0.9033134510001231,5,0.010571882008236182,0.036374934006526694,0.043019734326643445,92.29763815642126,2839,210433,0.014249244457542234,0.04458791077771339,1,low
Pinnacle Logistics 8452,0.8726977831740521,6,0.06576564545535593,0.09778581971544628,0.11740080782357558,70.03387829176216,2986,205206,0.042780525665256065,0.053866159922889074,5,medium
Onyx Distribution 9849,0.4410974487583107,40,0.36120501128163546,0.2604566132730744,0.26193435680076704,38.77459716973158,614,99986,0.617770910669056,0.46445174260752015,15,critical
Apex Supplies 8308,0.6258957662971115,21,0.15738306252609216,0.09571407994587187,0.16414935787338628,41.16251333635164,1574,123874,0.34383132466309524,0.16284024112452744,27,high
Atlas Systems 3285,0.6125332678474191,29,0.19112888979380957,0.14008435088373403,0.15799206846725397,47.889639966106785,1223,139682,0.3360539304334157,0.1202850500783739,20,high
Falcon Industries 3783,0.924445770560375,4,0.03542794375566611,0.0457468130782641,0.05605524469373212,82.05345844669084,2372,468004,0.08391019954363473,0.04418876954154887,2,low
Core Technologies 9792,0.9449079904217467,1,0.048944719103093746,0.0349603820016597,0.05885847691523865,85.13257616627443,1289,138936,0.016922001998658686,0.029185751461563412,2,low
Eagle Manufacturing 5012,0.8062731815847695,13,0.039921870607611744,0.04910764116485474,0.056479848983852776,67.84774799126674,513,271277,0.16193240447161564,0.12442866847808501,6,medium
Atlas Logistics 4398,0.7821319257119587,11,0.07072734560157949,0.09090516783169789,0.050280843801071756,61.68571702524024,651,197804,0.17184505574912165,0.1058584954863562,6,medium
Saturn Industries 4237,0.972728665970166,2,0.0386093510612989,0.04278739566809495,0.04048632063409516,94.74798339081956,2213,26625,0.007061446406458764,0.016962547719443423,2,low
Stellar Resources 5251,0.5006007966334272,33,0.2331189233054013,0.12679481456114178,0.31883486694411356,49.01086471330662,1968,204140,0.27492991122269356,0.3116326490584661,16,high
Zenith Group 3304,0.7667342529328299,12,0.08162735908939985,0.07038919321093945,0.08487952277166774,68.4869850534966,2424,117190,0.14114030632175278,0.07686596883242612,9,medium
Atlas Networks 7125,0.6687327851581212,15,0.13697165962342886,0.17474174589835234,0.22752645060770357,47.56591832094191,907,78418,0.3457976875225729,0.26319163705895127,5,high
Eagle Components 5070,0.8795127655748287,5,0.04529570254881775,0.0042171237599252,0.05880337726882646,90.10095588358483,3496,71942,0.06789603378524363,0.002739769545147448,3,low
Eagle Services 3463,0.9613936637058872,3,0.010417952293981767,0.005075971903693744,0.062270205147264716,92.40368054131015,4520,118692,0.023405455730920535,0.0403978790641855,1,low
Summit Logistics 9797,0.4856471341793833,13,0.11388855651018662,0.11833911882206029,0.08431123000347768,48.69377640716593,1556,123957,0.329877207764609,0.12252570420799666,23,high
Granite Networks 4135,0.6324116270976347,16,0.16048879378300282,0.17188662348771344,0.2447587576346449,65.13301964228617,371,70757,0.406322254012244,0.16364611428404427,21,high
Beta Resources 3482,0.8830192753307684,3,0.03959503215178717,0.0355479572566074,0.03899396179346004,93.94132470081969,998,1000,0.027452327344333314,0.009680960519879787,2,low
Mercury Global 6909,0.31267953031900586,27,0.3275859409925424,0.1925187650421591,0.38532149067233396,19.988628647987518,453,22348,0.6185209389055252,0.27025562531918057,22,critical
Alpha Trading 2756,0.9873096986771415,2,0.009146279720670988,0.04419709074557716,0.038537676470823005,100.0,2769,449533,0.04904010924151321,0.015939048876585673,1,low
Quantum Solutions 4142,0.7904061358622562,14,0.08726409063916393,0.07844910739903044,0.12167073208584267,80.40898881836351,2874,196354,0.07419480957478845,0.1267352209783617,8,medium
Pacific Technologies 6304,0.7919407566047334,13,0.11968715204845284,0.06328605703625059,0.0984725454585633,76.00849983536489,631,255242,0.14683647164377361,0.13151398486635943,6,medium
Eagle Technologies 1417,0.7792627023833086,5,0.12149924650467148,0.05095267979792515,0.11740738005444869,62.96352013765063,436,64089,0.1256445997834301,0.08111839260325725,5,medium
Phoenix Services 5699,0.3169738224337337,51,0.2241223655783846,0.20068006968755012,0.4043221901086382,16.90047924519509,694,24272,0.5248906103402556,0.4680194924116789,30,critical
Quantum Technologies 8372,0.893423990279392,1,0.04439743213055509,0.0032360535045552904,0.05209324321895924,90.93120072182757,3734,142474,0.01986806026009328,0.03791683863121031,1,low
Amber Distribution 2100,0.5379424934623164,55,0.14649758975335103,0.4978753534941508,0.18525189153006177,33.18791038445384,297,68201,0.38636862787427756,0.30647543899222707,38,critical
Eagle Group 8021,0.7317091545923144,15,0.0537140252385945,0.06860743346060573,0.08089078699149192,74.06045814660447,743,167582,0.11897324664372007,0.13161767521453907,12,medium
Titan Manufacturing 1646,0.6161543392123564,15,0.08483136737802073,0.2455934522040531,0.1563489537380607,60.178098345781486,1980,135119,0.337868446366753,0.25848778154783963,20,high
Summit Components 6953,0.5176160777567909,46,0.3006692158193071,0.46481179154796604,0.41277357494499234,9.476933976677643,537,7069,0.5971474293594514,0.38160072454641014,46,critical
Omega Resources 4809,0.606451205612307,31,0.17898454747032402,0.12165422146356827,0.17043495057015334,62.55507211518642,1501,1000,0.3086647195300619,0.15684783668832042,19,high
Summit Systems 8229,0.947945434097454,0,0.011579830968368843,0.024133065429549592,0.0416198415116604,88.24659307615211,3207,214781,0.0824917776899591,0.025888699389750993,1,low
Atlantic Services 8868,0.880032983072443,9,0.09768685428813659,0.10223453485427175,0.12968815747638426,66.82159809854653,1584,148519,0.11139658366658253,0.04459520185809451,11,medium
Saturn Industries 2413,0.9418627151900898,0,0.030762074110628628,0.023961335498343353,0.027949501952250995,99.14612880358955,794,417062,0.028288247517869416,0.012246171082855821,2,low
Peak Ventures 3947,0.35573893124622025,33,0.43851827766806406,0.37701492127770775,0.3279955248971485,23.347437097452172,6,56158,0.6113215761657143,0.5785511270222574,13,critical
Metro Solutions 6634,0.736621690127745,13,0.11281176574273578,0.05289609473355304,0.12753782082716025,82.72692992364266,1080,2728,0.14254789516098568,0.09327656887676643,9,medium
Nexus Supplies 4196,0.9772483829363343,1,0.005680053916991237,0.02605753734884773,0.014139095377578861,77.5186673382124,622,124936,0.04570024146298428,0.025767547572920213,2,low
Pulsar Logistics 9609,0.6077475490700882,14,0.11557405306668118,0.10165284710225919,0.26429101074650807,58.934482367151126,1265,34435,0.34662666123034463,0.33279766794465115,24,high
Pacific Systems 3440,0.686421280166364,15,0.07182849821088351,0.11368678328192532,0.12542766716065473,63.44765641136524,1374,26614,0.1487546795969917,0.11693090599685743,6,medium
Amber Supplies 1206,0.542737051311839,15,0.2355056836305356,0.22817675958401468,0.16423534610587234,58.57379856376299,1245,121507,0.2718105400755098,0.1729729604408545,16,high
Prime Materials 2796,0.8773551299770256,2,0.02109936468197878,0.03856632922865138,0.04431956545708782,90.98376341807842,3640,195540,0.059330557959574357,0.04473527787283944,0,low
Pacific Resources 8672,0.9529266244330657,1,0.019511366540807436,0.01836772153724168,0.030871250565285113,83.81265664285652,3318,171316,0.04501256597017861,0.036453575257385386,1,low
Granite Networks 8418,0.7848405433311735,6,0.05942051334869077,0.04568759393696005,0.1275083785603,76.93960837418547,2088,331512,0.11394304201069651,0.16228546519591092,5,medium
Saturn Distribution 6956,0.8451136660519032,6,0.09360218973254561,0.11421162805165742,0.07815056696842275,81.66724965336834,741,309061,0.17785120933735982,0.08745936956500766,6,medium
Metro Logistics 3719,0.8271271552960515,4,0.06355760789677299,0.10683432089417129,0.10644194370417467,65.15758419084041,2455,179586,0.15345480930906497,0.06600181765488301,12,medium
Titan Corp 700,0.6295436197089662,12,0.18817565790474294,0.21385581329611714,0.2046785195499256,44.15398274317842,381,36496,0.30362030655109035,0.23291315880355706,8,high
Jade Global 2755,0.6991373820252088,15,0.20253084981820127,0.2299127944687252,0.2607852408122369,44.01670096717,735,195393,0.333470165339975,0.2944013790487214,11,high
Granite Components 267,0.7560261947209667,10,0.06369791711945136,0.06401058501248706,0.05327216387698201,60.24817409313445,2436,117792,0.15295215949964924,0.0744527922018382,5,medium
Atlas Materials 8983,0.4987225241714911,10,0.15762068214759373,0.24789619272283286,0.24010136342983696,52.39166255891673,1764,52177,0.2922273602748581,0.24666553711500872,18,high
Cobalt Technologies 7532,0.8712237065643235,5,0.021451352717918044,0.041999269816374446,0.0075282226853898215,98.03608153982623,1,114959,0.07555145439719735,0.03987896228724486,1,low
Atlas Ventures 9784,0.34111925749947947,33,0.4457137850744096,0.26480289176129257,0.36639434932241743,25.771216753524133,348,72870,0.5035418086977402,0.6196474206199629,23,critical
Pinnacle Ventures 9860,0.743106817898151,8,0.09037401189348113,0.0651926703612713,0.1355510759679384,83.76482814816427,419,235373,0.10246820898959351,0.1474189037511013,6,medium
Pacific Manufacturing 1265,0.9629830787686393,0,0.052158559375572934,0.02837714819302854,0.03851687689833589,92.43212087336562,4237,354899,0.044153975417740916,0.020281083903823677,2,low
Granite Solutions 2232,0.958882363784954,5,0.015423742014275797,0.02177344191552542,0.01956012160905233,82.12624447687719,4094,379792,0.045513983386737525,0.0037550369967289535,2,low
Cobalt Materials 689,0.9469893250097926,4,0.007663770362634045,0.03533096017292611,0.004511767574142741,98.49344058596054,1653,132281,0.0390207296583652,0.03158257047651387,2,low
Nexus Corp 4953,0.8511129185569745,4,0.021383601603729777,0.032640933700870255,0.006982989629205242,92.65571017232986,4879,83226,0.0563276609458289,0.01876364990828395,3,low
Sigma Materials 2504,0.9732068184308678,0,0.014327944411051077,0.012560126314162642,0.01399999296781379,86.09593908180263,3467,457901,0.035471345284908154,0.03127830737575126,2,low
Quantum Corp 3653,0.9548622800767638,3,0.04777619133260303,0.023834101659218742,0.0,81.56567490803026,3578,95242,0.021817874436243,0.014822267892494122,2,low
Global Logistics 4426,0.8860674336433692,3,0.010537005289467695,0.02289076586261701,0.04046715375468139,91.06440170653399,2169,444730,0.03350903645840038,0.0,1,low
Saturn Services 8294,0.7708354051247971,28,0.184792981560175,0.11926420192968024,0.2540070778186442,65.76779076839262,262,197737,0.3288256078385977,0.26938477422551343,12,high
Phoenix Manufacturing 6859,0.8808089259013993,4,0.0024141547590322194,0.042655228505421444,0.03947036104025409,96.18273652520323,2803,207084,0.07683889162907624,0.040718583244847395,2,low
Eagle Materials 4530,0.6032278013557819,13,0.09365784004112648,0.22390176581211108,0.23955348448703798,60.31585531559269,348,129260,0.3079571337230054,0.18153885204486928,18,high
Saturn Enterprises 8429,0.5116226209401468,53,0.3079850675937268,0.33632675028018294,0.2803792411825578,12.193822990567082,185,98411,0.4011455062737328,0.5724751616267711,11,critical
Peak Ventures 915,0.5253248827459489,29,0.11308610965283158,0.22120713896860192,0.19436166469660404,68.08685410675014,1925,160391,0.24568282459949978,0.10606755859566892,20,high
Pulsar Industries 9294,0.9528847092421348,5,0.026009112500309406,0.015468937688982323,0.037248321378922894,82.4963139920228,3906,286909,0.010423595445504264,0.029640671688748985,3,low
Eagle Resources 6176,0.6690665374036904,29,0.22512447390542062,0.2578606554081003,0.1999831172820162,44.32311293242237,1690,7470,0.33414147452169896,0.2219148055401778,18,high
Alpha Services 2818,0.9235832083058823,2,0.033034789834510865,0.008223995444543197,0.031223672816033644,90.66396069438525,2287,491422,0.021382559696631855,0.03930486806332857,0,low
Jade Materials 1793,0.8953144541449158,5,0.06930916432041734,0.0834647434250403,0.10169824568729875,62.41350707872841,3475,46870,0.11574787153313575,0.0402212708568004,5,medium
Delta Ventures 9669,0.9489414172279458,3,0.018599548034516925,0.006843432421299268,0.05882317140265663,92.54273522201156,3645,427739,0.04193368479197689,0.006514136602663471,2,low
Titan Logistics 5261,0.2016367658978342,34,0.3348522469515086,0.3545526324186711,0.34272960926808177,33.679575369602134,481,12796,0.3475014170325115,0.3135589719067356,15,critical
Nova Systems 2311,0.7344533381367572,7,0.06042332893989274,0.0426206471653552,0.11309983965754143,67.58692616995168,1984,45358,0.1181034443234316,0.051085021985113964,2,medium
Orion Manufacturing 3073,0.41663837738710063,26,0.37044299765892935,0.351918082083333,0.2713024064024619,19.906746889253682,560,22650,0.3674433905226604,0.5738395369240044,45,critical
Pulsar Components 593,0.7664797487774948,7,0.044439956019623805,0.11353283871501503,0.12491618910856155,80.81299699602941,2704,154721,0.11684942146417956,0.09232730868901806,9,medium
Pinnacle Manufacturing 7121,0.8608045145931857,3,0.023793162205145414,0.014433261849339967,0.023122760845783637,95.41811388566933,1177,200791,0.06387347135154733,0.04881118032266952,2,low
Zenith Systems 1144,0.8658111519839692,3,0.07013381621124665,0.07160454334836533,0.05325945938363333,81.63195858014201,2626,63497,0.12181547167654723,0.1268524643224006,11,medium
Zenith Networks 8488,0.9555293057162723,2,0.040185892514517915,0.021871055093753092,0.027594239482205764,93.1430493488678,1620,450934,0.0598033894307828,0.021720611085678528,2,low
Atlantic Partners 1418,0.6198878100329075,24,0.25191436029320813,0.17287967351394043,0.20354767041176952,51.421428222076486,216,76285,0.31692345988313336,0.23945585472330363,25,high
Pacific Systems 2320,0.7850640605954804,8,0.10921714399929824,0.09419042114100905,0.101425280055021,73.79129667514232,1424,165951,0.1284878736105151,0.03457956256996514,12,medium
Pinnacle Supplies 6204,0.7337561036906746,21,0.24172900437515712,0.2479279939870325,0.21102867033500533,49.93770917440572,1008,123806,0.2774789405217276,0.27579695038120144,22,high
Prime Manufacturing 6946,0.9249017561184746,9,0.10268056040672784,0.07426684041163621,0.1448371448137994,61.667803530672806,290,248650,0.12214296327830483,0.031452360751694095,9,medium
Amber Ventures 3147,0.8552470536257164,4,0.09499278565799879,0.06065607169155805,0.14954304422254588,63.88927455627835,960,88470,0.09001382645213253,0.12713427420886456,3,medium
Orion Materials 9719,0.5421791276099627,24,0.20284990727896074,0.12384306314660332,0.2029925386287,69.85675266727671,1715,1000,0.27341956804431594,0.25969117881045334,7,high
Atlas Group 4116,0.7672529535282594,9,0.07522640466869113,0.11871064928999561,0.15670551062123855,74.42062522664716,1257,147195,0.18895523658362393,0.10548714105061854,3,medium
Mercury Global 630,0.9542502920110136,5,0.03360491361806598,0.025230871346225404,0.044157743312194325,97.03551418979217,2126,399423,0.030777947704471655,0.02210872635097818,3,low
Stellar Trading 6783,0.8924294977896255,14,0.066182097684312,0.07095751832109436,0.13082319257582883,84.21462437329372,3305,115255,0.11841918056975231,0.05150755852018121,11,medium
Orion Logistics 967,0.9137601609622695,5,0.029263933774587254,0.028729012159857226,0.0411802374994559,83.46743420959518,703,167073,0.04566524121982726,0.02285471243740096,0,low
Zenith Supplies 1007,0.8909148310245996,2,0.03365250706335149,0.016717483274878164,0.06774400268032264,99.72695927621251,3626,230865,0.03994793716546651,0.03903281601466884,3,low
Apex Distribution 4083,0.8725452351976934,2,0.029979769718613096,0.03652692561189313,0.046339554462512145,87.94149382340369,3170,32631,0.03822640062112931,0.04732318522102768,2,low
Crest Systems 2254,0.7251791321457897,7,0.09274733145967294,0.06312258980358428,0.15040229776939393,75.96983850727023,3096,367842,0.09462154211301615,0.10264623079574324,2,medium
Omega Supplies 650,0.8932969324334961,1,0.05036570621950223,0.024985725156728724,0.036888273441149,96.00313983554169,3613,465236,0.027626312571193537,0.037585719519658084,2,low
Granite Services 8473,0.2551872279421849,29,0.3061595163976272,0.302367084844082,0.27876794505777225,39.177477515485705,682,20984,0.6860534217902539,0.6218901428719322,41,critical
Alpha Corp 516,0.8853648927126998,10,0.07211919276607559,0.09687755349764987,0.04283605828684368,79.55177391377127,1706,45770,0.10093875407858152,0.06750104136526881,9,medium
Atlas Components 3569,0.8522761987057571,1,0.016282974322509823,0.048974357506002764,0.015691579249634203,84.18914149362884,505,500000,0.026394971685012418,0.04960902979431464,1,low
Nova Group 2802,0.8663953878776851,4,0.04641449866310247,0.014545078320531118,0.0009123378139286123,88.86025571739285,214,11928,0.05245811195123635,0.03637008940367248,1,low
Amber Ventures 7650,0.931630276924539,2,0.024344949608367396,0.02027054313526953,0.040494522645694225,82.58312314569805,2797,498880,0.018098065757105496,0.04250695689007259,3,low
Omega Enterprises 7455,0.5280550790821477,36,0.07587862651027721,0.1293465357718545,0.2309963450712637,53.547337443883606,712,2611,0.3828293184422271,0.23499306561419173,20,high
Quantum Corp 7610,0.8163839758283316,2,0.07884085966933448,0.05644565685865964,0.05612782367967779,76.87144760123233,1183,273103,0.07981140962848805,0.06980468925059055,6,medium
Eagle Trading 1009,0.714873495671539,15,0.08754284189344795,0.09322476101317234,0.14770941405206858,61.374840176709526,894,202971,0.11613674935995892,0.07751787244908191,10,medium
Omega Trading 5810,0.7790056464680225,6,0.0679725159151731,0.029788341838647654,0.03493001772711149,68.85418621780666,2211,218107,0.17986322358502477,0.08225520134891405,5,medium
Atlantic Enterprises 9630,0.9184399155815942,5,0.01660334686504823,0.01095398709644737,0.031083331971746914,84.81639702558668,561,219812,0.047508658528503764,0.050669075172379154,2,low
Titan Supplies 5529,0.7631844974849196,14,0.12187507660642867,0.09030406701179039,0.08220740317401357,65.92553583524885,2055,352823,0.08282059687105654,0.10441430583787265,7,medium
Amber Partners 4501,0.6498579294233985,18,0.17236897333684237,0.1517653417557044,0.11830699892110678,48.52801019081223,1763,96958,0.38750957827160615,0.1777609737714344,7,high
Metro Logistics 8692,0.9153794285210213,1,0.0522622645749557,0.04057077674031041,0.033882987804794935,90.3092003994767,2208,49972,0.059056691318964044,0.010352128247892563,1,low
Orion Global 5231,0.9364709696163709,3,0.007370535057380363,0.005234437813427559,0.043364550839893067,94.78179235867306,2274,34362,0.03126635598792064,0.03494201981010783,2,low
Apex Ventures 3562,0.9052533974271383,0,0.052251372979472875,0.04344471414435425,0.031135149231393766,80.48790107089849,1904,434463,0.022180759833410668,0.024617311505150112,2,low
Orion Logistics 7610,0.4576193323454965,55,0.32824785543399837,0.462973473363772,0.20796067499121249,11.87148479945704,614,66216,0.5458117577026419,0.5138521272286372,19,critical
Crest Corp 8314,0.6993073037849711,22,0.12014208997867029,0.08908188003603709,0.16196342828193333,48.5194182399734,838,27513,0.3330855333419759,0.2456461841566174,7,high
Apex Logistics 6414,0.3044454672646654,52,0.42124690069658766,0.28766421143975973,0.3963639276282449,19.50917196662084,312,73057,0.30178564385666184,0.44143040311314696,44,critical
Stellar Systems 5636,0.7215669204886876,32,0.09341013784111299,0.15642351315962322,0.21689065719323486,54.587064842345185,725,153510,0.21219618415682262,0.1371774815779299,21,high
Sapphire Group 3735,0.7314941427807125,11,0.08196679102825118,0.11326377612268237,0.07697585279910166,73.58175931273001,1118,161647,0.14915225339813204,0.06326082494257848,12,medium
Titan Partners 6311,0.9158150353503908,1,0.032326138939131666,0.028450926150864992,0.018872939601026904,85.70258061651785,772,339814,0.0,0.005328176035426382,0,low
Pacific Partners 8222,0.9426978585975249,2,0.017087925965706574,0.04241878863731105,0.045951335724511946,88.17793555303915,2411,262860,0.036730814484190195,0.04138800328763979,1,low
Vanguard Technologies 2273,0.7415172643949223,4,0.1254399366148778,0.07436055278625509,0.042148462718977764,81.79738230776306,1174,103597,0.11367531937249288,0.11358452510237536,4,medium
Zenith Services 2330,0.9433410713537485,3,0.038204468089700856,0.0422262651165692,0.01867593304780431,98.36645819307144,1143,60134,0.051716598212036516,0.048018844999369696,3,low
Sigma Group 2662,0.8527085755313211,3,0.04207474622881365,0.03561981272531597,0.023845297458229907,98.5155595430064,1269,102179,0.009758986480556845,0.025849270749672502,1,low
Beta Group 3559,0.9109279993622187,13,0.06121890314227271,0.11433247678329522,0.06236099598530089,83.42672919063432,782,67752,0.09190649933027153,0.10647410692559243,9,medium
Cobalt Materials 9638,0.9154697992622953,4,0.0594610679740011,0.040786028239582266,0.009553235803062408,100.0,2958,444132,0.05289086763028163,0.01746219555422649,1,low
Cobalt Resources 987,0.9478421023716923,5,0.03451686407397697,0.030803885203488954,0.011703294499553898,87.18815274355318,4273,443628,0.03497222811337548,0.019734188657886773,2,low
Cobalt Enterprises 3965,0.7788872646336787,14,0.1101288553821127,0.018532320447046963,0.08302931133024866,83.83392784944745,323,211037,0.12095188307757852,0.035533445911665094,7,medium
Jade Services 3788,0.7888734672500148,9,0.04153915640717814,0.03951900417597562,0.11108937530933581,69.34837959029703,276,215665,0.11652772279149178,0.1258910276713026,4,medium
Delta Systems 4008,0.7962817251531735,10,0.07553654316863145,0.06925216756744797,0.05264703413474346,75.82141768205678,2278,153315,0.13462504633140668,0.12867245553106574,13,medium
Apex Global 7143,0.6591191709405702,17,0.13203334289160545,0.11743916662958429,0.13789870263586626,51.49496685106615,1696,144146,0.2836562414763988,0.19534691839911839,10,high
Neptune Networks 8750,0.8399613939459236,14,0.06756362902194535,0.10775348771974722,0.03508247607736493,82.97546184167904,1166,15575,0.18522800721186344,0.05353003442341332,5,medium
Pinnacle Services 7580,0.9081622942995555,5,0.0417236463462413,0.03949033055226036,0.03359086337509311,85.52097939970999,3504,417080,0.07010801194837568,0.0,0,low
Sigma Materials 9835,0.4595035473554745,53,0.4009674744727114,0.5221139809001607,0.2930606644123822,4.058930926705839,798,92754,0.4097700855626301,0.5382551095829393,25,critical
Mercury Networks 8795,0.7876913960725579,9,0.08122984705029143,0.07868904182610097,0.05469076290992268,79.17886095628813,675,62572,0.10631498284812893,0.11023059879509581,7,medium
Global Ventures 6330,0.6749023707942332,39,0.15048168278893773,0.14548795761550595,0.13883289581456973,41.20820604475676,1774,183751,0.21904768355776083,0.28387850220888344,24,high
Granite Technologies 3208,0.9314074061054379,3,0.015607485359254419,0.055652787316605834,0.017027719389379754,96.94645545127825,1479,295875,0.007432652366022435,0.004483814543269807,2,low
Nova Materials 5516,0.920171620357854,2,0.008707528582089645,0.0,0.033452919349351365,83.0453331314591,3213,302962,0.04684143262381834,0.04068355027531489,0,low
Global Manufacturing 4073,0.4246706731220346,51,0.20539419540999443,0.18887983244441955,0.3346609610509569,30.79382013523241,508,22288,0.6448120673275407,0.47020236448947095,38,critical
Titan Industries 4394,0.6888589856508633,24,0.10814712783769494,0.21831256653026848,0.2709206154022307,52.81077556327703,198,21341,0.24966369462659982,0.08562663583989574,12,high
Crest Supplies 9418,0.7047486443333452,12,0.08445458679622006,0.051261580943158774,0.07489556934566724,77.72840173066157,3170,32373,0.11454312182415174,0.08861975489555231,12,medium
Pacific Materials 2331,0.8860170322326767,4,0.008344117884912699,0.040347645611466636,0.046604988721414914,84.14725961539018,3614,247791,0.015245864372321699,0.0320859574619046,2,low
Jade Manufacturing 5572,0.8351527345008098,4,0.04217975069394684,0.1036536413610037,0.04669123081096619,79.11423252866534,2944,181150,0.08698455497173298,0.066409375490029,5,medium
Metro Components 8158,0.9064177950540758,5,0.03724321934969825,0.02768698167051027,0.039524477451479044,90.53268920305595,3735,236900,0.03809031019659871,0.0,2,low
Sapphire Resources 6034,0.2268023909411955,39,0.21160791058841624,0.36131648922284976,0.2873118497569952,35.65979178592836,379,95342,0.5505943212652304,0.4570370605483007,41,critical
Nova Enterprises 888,0.5302939045349557,33,0.20468006026233615,0.23741027182572205,0.19013813318817877,41.403947114690716,562,57362,0.29664324486959787,0.11194724108305237,11,high
Peak Services 5787,0.9120393823829477,0,0.007239152020248094,0.0018763795124736124,0.05119409046390502,80.14280400487668,4000,450678,0.016463938628764895,0.045136740473417675,1,low
Global Systems 164,0.5674104648849815,28,0.12117906223609029,0.13650365042590545,0.1378568464312226,33.808707367124974,1910,140076,0.1887651052679526,0.1203676766144863,7,high
Global Materials 5391,0.29791496713291954,46,0.27808059100234034,0.21177925486804064,0.4793750738973177,21.200739940678535,476,59237,0.6209205239281943,0.5407864477949179,20,critical
Atlas Manufacturing 3279,0.8627893397218456,5,0.03803727969919238,0.016953905640161585,0.031038885721648084,88.51365652390434,1477,360522,0.032989477229519296,0.004065923137590317,3,low
Titan Distribution 3594,0.692800507660457,29,0.15190100789662747,0.17418448007596887,0.16884116442086208,59.549433832814294,1334,70120,0.1562733248920441,0.11502087974492599,20,high
Apex Systems 9427,0.9732979795960733,3,0.04136612945515803,0.03242433745017877,0.018111769277411482,86.43795988583173,1683,297770,0.07077326138621322,0.04779403683351853,2,low
Cobalt Group 7413,0.8446396273146304,10,0.047514839173432036,0.07430209336155597,0.1445360747182222,72.52683241275015,2847,90514,0.1980253141505349,0.15514936592735262,7,medium
Vertex Ventures 5520,0.9449741927611282,4,0.01767752492069778,0.024200195756475706,0.027943724393286313,84.03135025562361,2095,485784,0.055484473794488814,0.03689222369859979,3,low
Sapphire Components 4656,0.3073723862164955,36,0.31115268920207856,0.47799928529172836,0.4092534626062175,16.868764721973793,851,76586,0.4517082669777138,0.5844562945411214,18,critical
Sigma Services 4332,0.8922798401606822,4,0.11986983355482808,0.031951807321910476,0.07033191004697475,66.5375608663501,1930,253143,0.060159849751938756,0.03741684342458678,8,medium
Global Industries 8992,0.9645828882754309,0,0.03590691355992575,0.052583424534400694,0.05611770771170437,81.96728648938534,812,55298,0.010463266374300211,0.035401888859113544,3,low
Pacific Enterprises 435,0.49844138632831636,42,0.3348110726996445,0.24532138862021838,0.469111492317287,20.564341370361646,727,37544,0.6464683944285554,0.3452014152225133,49,critical
Sigma Ventures 318,0.7687500768217683,10,0.07912428991712817,0.062157074488645846,0.10700590930881715,69.80346762617327,1,142808,0.0731033317750335,0.07180343240661723,1,medium
Prime Industries 9594,0.8677326730216314,3,0.05944952832342852,0.09150841532532338,0.08145257492368736,77.46990307646989,1177,210348,0.08755667508578588,0.14029486749464457,7,medium
Delta Solutions 9680,0.9170245208080589,5,0.0115070412602273,0.016360253568933916,0.05266736389428814,85.48956065153115,1769,214927,0.08308817641881683,0.039268454759405255,1,low
Global Manufacturing 7921,1.0,3,0.013329941383027085,0.02824463105694451,0.05857574289822831,94.31409901502856,1937,85494,0.02140568332025478,0.04193384094577159,0,low
Crest Services 2599,0.9113824233470622,5,0.04346496786125158,0.029282187321236955,0.027381174762745927,97.83501096904449,3845,112632,0.014865573109418972,0.006115295156017209,0,low
Zenith Logistics 5793,0.5137043414582593,44,0.17654787857387177,0.31232893426619146,0.43963142680857037,15.566437755786326,309,69145,0.42216635425107363,0.3318766856374841,35,critical
Amber Global 8213,0.8643579163934147,4,0.030308411077263488,0.03453163025810645,0.04753673001116171,90.72763671860089,3096,447684,0.007385610537643425,0.038475873048116144,0,low
Stellar Global 8767,0.9590511304111751,4,0.05367419484922872,0.029172569263019327,0.041007672354892374,82.63764313524797,3326,54068,0.033109510141939795,0.03282884746742096,1,low
Jade Networks 7617,0.9318085461687164,2,0.010752431564187584,0.028805253813135326,0.05287960301590209,94.92392597569916,3851,232959,0.0,0.02332383390881474,1,low
Eagle Solutions 6389,0.8382604879787013,4,0.03538212111759076,0.01770534176797655,0.0051666080059566116,82.49476004954546,4702,276826,0.018802124313329116,0.031851648005323877,2,low
Amber Manufacturing 3585,0.8671193907732293,13,0.05792523660499521,0.10664500934461377,0.09023156894404194,63.28832845354834,3178,317253,0.1303722037935356,0.15469153863459964,2,medium
Titan Components 4610,0.7144540376238195,19,0.13650789285293488,0.1624210296292691,0.2810454399192328,50.478199481629204,410,1000,0.2913313587821429,0.2517009086612171,10,high
Pulsar Distribution 1480,0.9145755303692162,5,0.017664047044430902,0.02324479883456771,0.015409962352271654,93.39110110530103,1938,169552,0.04277836184480895,0.040798933642925,2,low
Orion Industries 4273,0.9868424633213474,2,0.023911440669682493,0.045194582775265425,0.04567004336515239,79.73147557547105,4427,500000,0.0104678470919094,0.009507199233152535,0,low
Granite Supplies 4869,0.714588458353192,11,0.06322368071211,0.08834358883433413,0.13724789294596754,61.013401280457316,3231,103118,0.08241316146604079,0.051976317362437095,5,medium
Atlantic Services 2883,0.9194508975786628,0,0.04439741125864308,0.04782641166271955,0.02100265383725782,89.87803585317688,3883,500000,0.08159606367966228,0.05576651240779178,0,low
Atlantic Global 5356,0.8570740249061911,2,0.019325055917508903,0.029844982010565946,0.03245675834318772,94.89583064496128,1992,336925,0.04247378520200894,0.005898046850678036,2,low
Atlantic Partners 5694,0.8489001787606546,3,0.019003459072971164,0.01591876138695711,0.02204240629493105,80.23519583760532,4485,72407,0.02625607464698227,0.013056109662716173,1,low
Phoenix Group 3579,0.9763499795962066,1,0.010361680427614643,0.04419478955495069,0.01247780317505846,94.36242279838453,3288,312705,0.03894417613305545,0.04707052585739609,2,low
Nova Solutions 5311,0.4663620054880562,34,0.316893560800909,0.2845785813221143,0.3782200906917598,34.65579050135526,812,14488,0.5550969877321025,0.30550166077515817,27,critical
Vanguard Distribution 2799,0.5525551233916675,16,0.15385768653108362,0.12448518132377027,0.19605016348580737,45.86037296619763,523,72060,0.1654934752601762,0.27199496318042465,5,high
Core Components 2760,0.6823056320999376,9,0.18198678283151107,0.2169445738645753,0.19720399963802812,48.69658086790366,735,97258,0.17096527673008324,0.2712093028106967,7,high
Atlas Trading 2927,0.9143249203696215,0,0.03709095368325052,0.047586755351541415,0.015151250646615912,81.75962890682109,1804,67737,0.05367426512598498,0.007950802758768534,2,low
Global Supplies 9225,0.9322126991121465,3,0.00680374676075638,0.02780859641357373,0.03727290692463692,90.05641818546594,3649,316567,0.016283821175957346,0.002154296851725769,2,low
Omega Manufacturing 9645,0.870377983494575,4,0.048462700604510384,0.08670901871010192,0.11271257493931247,70.06718287234665,858,333896,0.18975639265892894,0.1402433562999258,7,medium
Summit Global 6509,0.5511803008253803,33,0.34752017916736505,0.5286239523853836,0.23188790891970065,26.118217010014476,258,38174,0.3775503308179906,0.5077353864436402,38,critical
Onyx Industries 3982,0.21145514301734286,51,0.15458588744966528,0.38686988525594956,0.38530966104253295,11.874458985893225,660,87144,0.31087632867126225,0.4543225500895457,50,critical
Peak Industries 9043,0.987195889385518,2,0.03803629034565349,0.04842048284267055,0.05793934823357111,89.77246770891416,567,85837,0.03639605007203834,0.021933489408521287,1,low
Alpha Group 8281,0.5843689292717063,29,0.11377575556528242,0.2173332702914412,0.11309660844813724,58.520388423010836,320,109693,0.3783952099290951,0.20231639613024546,7,high
Falcon Global 5991,0.89846176043023,5,0.10549752965288103,0.04139500187196895,0.12289795051481647,58.88194632667128,1561,20242,0.14964502943439734,0.10198892359754021,11,medium
Peak Ventures 6375,0.8687756921719478,6,0.022407145761308245,0.014845502244641985,0.028863007153374174,86.12000267749714,1126,198768,0.03715120433669743,0.01590153652361393,2,low
Nexus Corp 4639,0.9085411527718497,6,0.0031373236592642097,0.015701580368139893,0.03725090724113743,83.34750185754402,2311,181870,0.028849838954891138,0.001572946763979149,0,low
Omega Solutions 4750,0.9410641037583783,3,0.048171437552281565,0.026894531563898042,0.009156288581466825,85.47544714638617,683,411570,0.07843396422161993,0.03858222105944322,2,low
Atlantic Enterprises 9607,0.6429906518637323,12,0.22527005847972498,0.22588585750732876,0.30235165759635696,45.34831224705604,584,49402,0.14866736742826478,0.2657100291939695,20,high
Stellar Logistics 2058,0.6916954768652054,17,0.24709016662834707,0.12832188399060626,0.18240914620259757,53.6471898007992,1243,125518,0.39217368426785704,0.11078789658810995,25,high
Delta Corp 6399,0.9283555852024042,1,0.03339083052532134,0.011328134516352622,0.014860391227532039,83.65356976602095,1413,324877,0.03867899346576996,0.04829812822125443,3,low
Eagle Resources 8486,0.8370991680738977,14,0.07272383621818986,0.1103419020888251,0.09874356298224075,86.70338264086446,2182,59799,0.10751643624825517,0.052656908431011396,4,medium
Atlantic Components 388,0.9748302482182745,3,0.02291979912856557,0.01745976897231093,0.021138180470566773,82.19151639488008,1920,367988,0.034613075543486284,0.03110105410174325,1,low
Metro Technologies 6776,0.7784808423855485,9,0.08873639272556652,0.05415194111821997,0.12865761591407227,75.93030436982112,1077,104950,0.13912273866633496,0.05714544733172626,3,medium
Eagle Trading 3110,0.877290302584688,3,0.029839693542320016,0.013713625158096023,0.023907199621518327,93.38581597053613,3615,268921,0.06857116657619583,0.027186325665221073,1,low
Apex Materials 6888,0.5020697668348224,28,0.19555840626459314,0.3842476937408136,0.27871831733827035,20.72580622140454,375,88755,0.34214009278735147,0.2511481707593086,38,critical
Zenith Materials 9519,0.9391431965617472,2,0.016097297273237172,0.02336454862096022,0.0462133565458419,89.28082960586457,923,1000,0.0,0.04189713157880404,2,low
Global Global 2545,0.7652949025561464,7,0.029573995147352507,0.10877022073959251,0.14631255342208963,77.68664580349441,787,277960,0.19126193437254438,0.10410279023250416,13,medium
Prime Trading 2301,0.9146023353444367,0,0.017358532914024293,0.03717051653767006,0.014703156501634469,95.15649944861738,3858,464712,0.02551587258841226,0.02123868792867893,3,low
Metro Manufacturing 337,0.9306232669072143,3,0.03371075126881602,0.0487172799316774,0.021110966656527966,87.75515887161302,3485,347856,0.042506595745785164,0.014357900821688691,1,low
Pinnacle Distribution 4165,0.8979817829112172,3,0.05157229925591863,0.06539384869168267,0.1265139906647304,73.56480356112331,962,176274,0.11170229605856363,0.0891712005590791,5,medium
Pacific Distribution 6190,0.9285911496208205,1,0.04723782417181775,0.049944824204192585,0.004310499269962181,88.4723810546983,796,397312,0.052425650376854885,0.017266240340332917,1,low
Delta Systems 9214,0.6810140793836665,12,0.10769174551068145,0.20697367863512428,0.1419105105174804,63.80903290721072,867,35762,0.17648584694415884,0.13567221705313653,14,high
Omega Materials 1496,0.8840546148378281,5,0.08440225902008647,0.10091698876910951,0.1289841709263842,78.9048700285531,3011,261273,0.14870540277543434,0.13920645624309705,4,medium
Beta Supplies 7928,0.591345792973509,35,0.22601541206446207,0.1046133349598404,0.29614437949608585,50.55139744521309,583,38024,0.2205191137393563,0.27085538275010346,16,high
Mercury Industries 4758,0.8593054932589579,3,0.009677902053351378,0.02733128545534385,0.04780390724308356,84.40736493799234,4332,375170,0.05444281887700525,0.014148802569917782,1,low
Prime Distribution 4483,0.99336934309646,1,0.0037082995918902447,0.007705739234261617,0.018093921165127848,78.93030920998083,3398,117821,0.0467911795186622,0.017971886181974952,2,low
Stellar Networks 7811,0.940457459713767,2,0.04762277853052177,0.020883963982971567,0.019373829322361688,89.87672695835933,2043,451006,0.01100656376195019,0.018994352912904095,3,low
Peak Manufacturing 5328,0.6014169379242136,26,0.19486805610722382,0.1224106811531323,0.16334973328878394,56.710930121066134,1753,9198,0.17174351276508065,0.1308488450306915,21,high
Beta Services 9791,0.9443684699482917,4,0.00879602410432883,0.011573725136632598,0.04988383162138078,91.12712404059327,558,149615,0.036325394131231994,0.02677153696860314,2,low
Delta Networks 7781,0.7632835853069871,9,0.055650822911003,0.07693342267269444,0.05940433225793722,79.69467800791121,3300,174018,0.17207523813704023,0.09499899050157262,5,medium
Emerald Partners 5607,0.9327265339782378,4,0.032441266392657805,0.046230665630250516,0.04687994573349825,97.9630526970111,2310,349856,0.04086392831160349,0.040811769720542866,2,low
Atlas Systems 7793,0.45907883072077454,39,0.4737740464562579,0.48305916770790164,0.31204920962097915,12.086240465563847,758,30783,0.6411643370707101,0.3912399475378776,11,critical
Crest Distribution 7091,0.5278504658784104,53,0.5616807452468189,0.3819819889078861,0.3638402933332229,28.14166513607221,281,37828,0.5076744788058013,0.5599341929802752,35,critical
Delta Supplies 7916,0.5383977142466312,9,0.1969821080239384,0.1716024557066226,0.25238412707304403,48.56757696637968,1414,32636,0.34387141196523874,0.20603449912060973,19,high
Atlas Group 9201,0.7671724350084579,6,0.1057605532449455,0.055571966534516674,0.06737899491750488,67.69287642607055,752,57158,0.2044152683617298,0.06162715036769906,6,medium
Pulsar Resources 1307,0.6956883053905277,11,0.04916521629674426,0.08336900091671245,0.150519792799064,89.53181067133077,1509,248770,0.09299325736824114,0.12016789848349763,8,medium
Beta Logistics 7951,0.8622312722242557,1,0.045924211327102164,0.027928991703145334,0.02512725671596318,98.66098487651368,379,1000,0.016716370900949917,0.03267530729077487,1,low
Stellar Networks 986,0.7798035860067098,13,0.06986231850638464,0.11884395368160762,0.06998809124042424,71.28371000808608,2770,181746,0.17016932721264075,0.11600850096199805,10,medium
Phoenix Group 9755,0.5575418466804758,33,0.18416650011103886,0.4066881042907459,0.30646506008168484,42.477150134882194,250,89993,0.43459781397765174,0.4008607057297599,43,critical
Summit Partners 1715,0.7339923199870966,10,0.04884187563061844,0.10731373102147664,0.07449370111469235,60.34438032090043,1349,350561,0.07522986389447492,0.07910442721827698,10,medium
Zenith Global 5044,0.9651941233819996,3,0.009566009825736167,0.03238839868864766,0.010335163387917241,89.80252095707361,696,332456,0.0358582005963506,0.03334174199737896,2,low
Saturn Industries 6967,0.9348598430022973,1,0.026498262301555078,0.008624687332604762,0.05776478701931682,92.68084445789277,1728,301319,0.0,0.02414617646367291,0,low
Beta Materials 6334,0.8727652425481683,4,0.08038786023388414,0.09492193601756381,0.05157571791478749,63.877479721209426,1330,215721,0.12081234857632621,0.13981229318629043,9,medium
Vertex Supplies 9312,0.774912573558923,8,0.11544644964304226,0.0724729688543164,0.037862590664755696,59.93202949582315,1122,129896,0.16932984418519,0.06402942152035088,7,medium
Titan Networks 6414,0.7811092710528675,13,0.046563260990666495,0.09409320693575503,0.09098999689972995,68.50378580332247,2253,304996,0.12745440596178614,0.13008660783218523,10,medium
Pacific Services 5334,0.8960116762667418,13,0.029277832334826535,0.0433515184252352,0.13771397955273612,72.43534010556594,1705,74764,0.11853644723890423,0.14933032783966005,3,medium
Orion Ventures 147,0.6229772767713575,22,0.20417700351649767,0.09494198059558973,0.21210496298603426,44.72017712884308,226,83500,0.16731128635320036,0.13087275791788522,22,high
Onyx Services 254,0.32637710035541034,48,0.44162669724088877,0.31380101413681954,0.20346872801193316,11.525411177564829,440,75578,0.42250506393872606,0.2739107194507898,33,critical
Atlas Systems 6991,0.8674171931286748,0,0.046340792591808795,0.031568576910410116,0.006441704338168151,91.05123986005472,4242,239088,0.017909105616609702,0.008123075950751114,2,low
Core Group 7823,0.8043385069329912,12,0.09325244942295478,0.03821948574956314,0.16043530465064157,60.96385350298888,1838,8090,0.07057948848915277,0.05199926723622493,3,medium
Neptune Partners 2622,0.27996177564072044,36,0.24553527756150265,0.32131376404510636,0.4318379964430286,10.259444309791103,403,12921,0.3434023036861081,0.5522498536524799,44,critical
Sigma Components 902,0.7611330643767827,7,0.10043897384077582,0.04842290315497741,0.08387446147339567,63.74210662856409,1121,109895,0.12093279699168075,0.023359353455707374,6,medium
Orion Distribution 7119,0.7104891456121828,13,0.06053508128351642,0.04165824778192741,0.1137617282700546,68.14683122409866,1458,1000,0.16718457059536143,0.10677663103524988,9,medium
Atlantic Technologies 7110,0.7744471366632509,6,0.06570423548696185,0.10371697510796096,0.11974908240630107,69.81221099956983,531,140881,0.09484200649443629,0.10019535202902165,6,medium
Zenith Components 2959,0.7372662080249088,9,0.06692774024650563,0.10061648742291818,0.14194054280833962,73.79981595038967,3227,54247,0.1055710654163853,0.11660589276199651,6,medium
Phoenix Logistics 1356,0.664422057319858,10,0.14000979212517564,0.23104288865859038,0.20775188197179653,57.18846712025236,1739,167941,0.27214995560139055,0.21910524090512895,23,high
Cobalt Systems 7398,0.7554629262902207,11,0.04762069619012436,0.07355471906563525,0.10748351857344782,64.19439225217275,3249,157354,0.11669909326931512,0.09612927350317665,2,medium
Vanguard Partners 777,0.7409628670390315,10,0.05553767416059908,0.11292400111472346,0.06338505088726935,76.15908141074814,2272,281668,0.19120758812694483,0.12557813157260428,3,medium
Pinnacle Manufacturing 7504,0.9297226079071094,0,0.02303209615340603,0.03979190441671336,0.038689617324148405,84.06791411513996,5000,1000,0.04242867694298123,0.016752714579070224,1,low
Mercury Manufacturing 3733,0.9109505192689541,4,0.04253597265174219,0.026851572846088696,0.029298001113716964,82.94658101778788,4544,462110,0.0556573019370698,0.02149719262517473,2,low
Saturn Logistics 469,0.7025182534096247,36,0.1387749069322302,0.19673849677990152,0.26270528089576317,47.152872374575495,1879,141977,0.35548970263537993,0.25020438448917265,9,high
Apex Manufacturing 3486,0.8806751800944014,3,0.02065512038844625,0.010940363096062658,0.054913225769452956,100.0,2362,500000,0.04590169223076233,0.001682904370794647,0,low
Crest Supplies 4161,0.9546085860835773,4,0.03755762119796687,0.01824416394275571,0.04111420450104912,84.27586015149431,801,1000,0.0493218217158193,0.02211045880107288,3,low
Crest Partners 9709,0.8939111028342848,5,0.00689778907982152,0.03939878250364704,0.03683550454391743,88.4111914045452,3715,289372,0.0012271513620365905,0.020477674524690233,2,low
Core Manufacturing 1387,0.9199105115093971,1,0.031406402133014155,0.005672902943192506,0.009228612683982921,90.32403359035725,989,498135,0.05081199235315319,0.023113572381114826,2,low
Jade Logistics 5945,0.7686861942761013,12,0.09778965942424885,0.12083750771866206,0.05114853001822493,84.60986505566599,2215,345564,0.09931883923115928,0.028443860700239194,10,medium
Atlas Global 5057,0.6879413219096635,26,0.16251278061718974,0.12818117890962866,0.13859382791114738,61.51768141077668,1314,80468,0.3236727909842282,0.1658246743780536,21,high
Pacific Supplies 6756,0.8504675177050638,14,0.09582514298984883,0.09064120993196081,0.06864545176417257,66.52378460480452,1274,308109,0.1309518169691687,0.07786139485172716,11,medium
Sapphire Materials 8685,0.9493539823576997,2,0.030212028101754163,0.03348436116691157,0.0,93.36421195670493,639,329709,0.0421632205179885,0.014803925740429259,0,low
Emerald Industries 8968,0.7983243309971726,6,0.026456093732999644,0.099517088613362,0.11240196312442458,77.6171027864866,2091,273024,0.12037958247886829,0.0648436515940543,8,medium
Phoenix Partners 4071,0.5449954660876696,23,0.20208976418455726,0.24899112405286974,0.19426164481408542,57.87759147541973,1,35425,0.16345698302314304,0.2579536267309696,13,high
Sigma Resources 2578,0.9168058664482659,2,0.037395005129943926,0.018344391488698486,0.04774131448723098,98.79648983622833,2241,222364,0.07285649960466176,0.011613307130162698,1,low
Mercury Solutions 2157,0.6726041973740172,25,0.19651432021447163,0.20067727444707728,0.2736405837064243,44.611510257661905,62,123221,0.3359612909989853,0.23858953974588554,8,high
Global Networks 9593,0.8975717610263533,3,0.03331015870639936,0.012158950533863741,0.0,85.56083275163711,3701,393545,0.027771210085692343,0.04346137086378595,3,low
Mercury Global 5430,0.5572880599621447,36,0.17613479764833803,0.18839598132259996,0.14550404006865963,60.13165826012924,160,115029,0.37424979749766557,0.1578657458133223,23,high
Atlantic Global 6759,0.8820733456532643,11,0.07769904993804998,0.0544709250174294,0.04621979730976895,66.66498405488626,2487,296664,0.123291838673171,0.05384403386020491,2,medium
Pacific Materials 8198,0.9632777767852252,4,0.013479331257644448,0.03415097043339527,0.008912203223525855,84.70002067681716,2803,458494,0.06418711160619456,0.02401946607801281,1,low
Pinnacle Resources 2606,0.8915798574947331,1,0.028317045272630906,0.03718520486954131,0.033855284274173246,92.19572669241776,727,253544,0.040977371968801087,0.019297890574864224,2,low
Amber Enterprises 3848,0.5325902941748499,16,0.14324155863897764,0.14703925867287038,0.13822530120074067,62.109977400536486,511,43590,0.15158979514900156,0.25932364104459216,22,high
Jade Trading 5003,0.8518719933127004,14,0.09031696625815364,0.06216232473350708,0.052760468008817896,72.36243796797847,1697,144032,0.14058049596439054,0.045274933746462374,3,medium
Pinnacle Industries 3811,0.6996058752295993,33,0.19675818676389797,0.09906612464253015,0.2992472681525882,60.7290799420854,1,37088,0.2980435119847064,0.2657782615340218,26,high
Nexus Services 6194,0.7541894010863116,5,0.06090780895311483,0.05661176392266956,0.07920317578399678,65.93672810260276,1452,84100,0.08041806964153057,0.08074857831924119,8,medium
Crest Trading 1346,0.7689705651397606,12,0.05783163838780037,0.06787637453393539,0.1191080000110104,59.40584307758382,1343,6736,0.07467629234726075,0.0805744272825511,10,medium
Nexus Industries 6588,0.8260593868659727,16,0.055837819477716745,0.07526315814849495,0.055712711603828124,82.64114370326698,1359,170957,0.1618015847007861,0.07453755587165,5,medium
Emerald Logistics 1506,0.8718970286583323,1,0.014577395632629287,0.01732191429187324,0.012706247771669225,99.6639618811072,697,273012,0.019815048383624165,0.014689261330693478,2,low
Pacific Networks 2316,0.9158286930320191,3,0.03280465262335829,0.027732085601361953,0.03181156871448213,93.63288485170914,1988,340870,0.051095382028950365,0.01198514862859716,1,low
Pacific Components 6977,0.8511489683720584,3,0.023873320133251025,0.05685268163453947,0.04845245486998038,79.56757180778104,4043,439729,0.035291625923953976,0.014665731348644098,0,low
Atlas Corp 7241,0.7348601486435798,14,0.09549698784999999,0.06727692730956497,0.05024589292952439,78.21607996576257,874,72378,0.02574384546171757,0.13259475856459194,7,medium
Cobalt Group 125,0.7216936522382718,12,0.06809648523063294,0.10997517844879709,0.14707766120393878,80.09532704482973,2732,101321,0.12198564212006797,0.13240991721636386,13,medium
Apex Supplies 8858,0.20651660693727747,28,0.3905547230250602,0.2760136212355368,0.3687689331652666,34.592890554083006,39,98183,0.6256462670068917,0.46462285386489083,24,critical
Zenith Services 8066,0.8832388315464684,3,0.038698158202169895,0.04730591489538774,0.04781875611626083,90.90704008596893,1188,498045,0.06026640528378146,0.016446489393169034,2,low
Eagle Industries 6642,0.25507491785766895,47,0.5063845020802469,0.30578745100428756,0.4307189577497076,20.863559335257133,39,98398,0.6187031918090364,0.3687536555758085,26,critical
Delta Manufacturing 2111,0.9677698687374561,0,0.032507447734527864,0.02953632781292407,0.0037789519064713195,83.64903638628394,182,1000,0.03779074007328288,0.04878704019995451,3,low
Jade Group 8113,0.9263500520812294,2,0.020480761226371033,0.04409311562493956,0.04354487954254691,91.9850237323929,4892,141523,0.06458086262086968,0.0,1,low
Pacific Corp 9443,0.6672806757700622,38,0.15297007979927682,0.13336141377917646,0.12469827929469214,48.71795733736154,684,61259,0.17935961386348218,0.22230912634969238,19,high
Metro Industries 8795,0.9129345691376819,1,0.014238494872000193,0.04810600725593385,0.0,85.14126627029336,1012,425082,0.025816191291385526,0.0500320668485755,3,low
Alpha Supplies 7446,0.8619807736108338,2,0.011364015730574604,0.024855840430405094,0.05066983308335426,78.61449074581161,1009,223833,0.0023506429547390656,0.03977916752778089,2,low
Global Ventures 1370,0.9718070470117671,5,0.01568027621087103,0.0,0.003062222106319073,100.0,4588,424943,0.02596023490640948,0.02909967617687266,2,low
Sapphire Materials 5082,0.9679164689181426,1,0.012448060717839271,0.046927997886011215,0.0338584437493833,96.73014567312698,4928,1919,0.053304920574496914,0.04600553731457568,1,low
Orion Manufacturing 6690,0.7619849045062845,15,0.10265145844751476,0.06448926026716065,0.03959277203055739,76.78179101253433,3742,39879,0.09667339114932284,0.05724788724270828,9,medium
Pinnacle Trading 7824,0.9510219810353358,3,0.0065073329535813495,0.036816932577812884,0.012489396149770899,93.20542262917081,255,417576,0.011633357792003994,0.048480869964758914,3,low
Nexus Supplies 9686,0.9122366868005988,3,0.00909569073540026,0.05434812187044928,0.05118142412167504,84.32546116936705,558,429431,0.006015270194745544,0.0,1,low
Omega Group 5104,0.8987214916709925,6,0.06576015801767068,0.08134535758502259,0.06328947981084547,68.91715095168882,1483,59937,0.17882468778564364,0.13102146025907702,9,medium
Onyx Trading 7508,0.6996190670217974,8,0.08549987215117516,0.07902055979900077,0.08533186060895524,69.03935302123475,2826,52253,0.1848963930017666,0.14918272123487275,8,medium
Amber Ventures 6449,0.8432503506001545,2,0.03049228456884175,0.031197943705809097,0.06391696435242994,81.72112281533542,1035,373867,0.05719201952473212,0.027205324081980304,3,low
Cobalt Distribution 5429,0.820525644856745,5,0.0990965269822169,0.08972032665247819,0.060316784984517216,56.18092880747736,268,136948,0.08543431904052552,0.12464514163466953,9,medium
Atlas Global 2908,0.931991770616556,5,0.017354071486500283,0.023321420645287815,0.05220108702928357,95.1846970425606,2937,39447,0.047176225708106034,0.04681943841332597,1,low
Pacific Enterprises 6878,0.8684098273459718,1,0.046387662230704146,0.0454305192640755,0.02354658093156472,78.09389616644818,1822,1000,0.08197242289383176,0.009940507563337673,1,low
Beta Networks 5452,0.5573611871560191,7,0.20648430937422826,0.18640853813308142,0.28075093362703213,33.376843907232185,968,29589,0.36466390087828526,0.09792161922821858,13,high
Nexus Industries 573,0.9704264626812845,2,0.008899597525724726,0.037080910382346004,0.025751249167005576,93.6922761504403,926,377816,0.02283286982578891,0.0037662097181240264,1,low
Stellar Systems 4944,0.8667219964331262,0,0.009555843875596555,0.0030792648253221214,0.032178335540144064,91.26697077032104,153,441515,0.0,0.016597480511948842,2,low
Mercury Technologies 1012,0.6782824608909421,14,0.2001686580832907,0.13290933194128018,0.306496791659935,62.819776678374126,1,30161,0.34967793167566075,0.1968285655416535,19,high
Pacific Logistics 9614,0.979966583264417,5,0.0010093071623379153,0.018248242762270498,0.03544245582757464,83.43953578140396,374,158237,0.06828583827714048,0.032032933700650676,1,low
Granite Systems 4822,0.5988209986397762,17,0.1030546156554151,0.1963229774029628,0.30568434797631705,57.83014877285439,1222,114140,0.30190595456244096,0.2285365293646645,4,high
Amber Industries 8008,0.9344286767715744,4,0.01557131534791225,0.023888151720800894,0.048576841525057035,82.77238094030395,1066,1000,0.08036489940024452,0.04392398052702127,1,low
Crest Enterprises 4743,0.9710915698986686,4,0.03298756345107565,0.036167098472516146,0.04062738018072071,95.21794404155992,2342,205769,0.051809061206995896,0.01696524640442211,1,low
Jade Global 1829,0.9512756667019,1,0.016335362545105776,0.03922038272435899,0.014029047100894972,91.59473310401525,2023,228405,0.04164757911239424,0.005367141422522462,3,low
Eagle Materials 5429,0.5174637828502769,12,0.1728956119675303,0.12536914457959125,0.1378984429931887,61.51035398315118,495,50443,0.19604333566575313,0.22614791338561327,15,high
Zenith Networks 1365,0.8685288142693527,8,0.07806463812396883,0.11367898939134796,0.10885814579434183,77.55064050609097,2460,152398,0.16182578517958432,0.1102721896031356,10,medium
Summit Group 783,0.8824618641240645,4,0.037235187523684064,0.04054240280016761,0.05622558924170771,88.2840358727375,1550,339518,0.06752026616984609,0.039307987240868016,1,low
Global Materials 3879,0.247136208558174,31,0.4740134444563703,0.18625975509338188,0.30185338294845054,29.511760167792175,144,7385,0.5188028992408023,0.4954262501923056,43,critical
Omega Corp 2093,0.5769261978870049,31,0.2157431791662418,0.1433445810537767,0.24277174849970504,34.72133384714531,2084,98360,0.33766102090827405,0.17054543534694888,9,high
Omega Technologies 3414,0.8577738762428575,2,0.019634937963473702,0.017295141697024993,0.03337400804667521,97.36718411268019,4519,97697,0.049420312475341295,0.0037086091334794153,2,low
Mercury Ventures 5000,0.8768360253585056,3,0.005785809437021594,0.0008703111216300558,0.050245552397274365,92.7928948221362,1928,165109,0.05713596696292241,0.031042047342091053,0,low
Saturn Group 4642,0.5942431088035164,17,0.1378356449325694,0.2178786010617334,0.17045754612816816,65.1329437053889,672,193654,0.1986972198027613,0.2964546584418008,9,high
Neptune Systems 6401,0.9756879439024485,4,0.04074970783702581,0.006448548304557176,0.02703212112540801,78.71013437582253,5000,444161,0.0006035741448168403,0.020098723797590718,1,low
Amber Systems 1053,0.9006775934515052,2,0.0,0.04329837173891241,0.056759420603072507,88.96788776773202,1015,214717,0.021321049327977744,0.0,2,low
Amber Ventures 9645,0.2101680768770709,54,0.3710309976085083,0.20553897663707937,0.2690099070996743,16.690216680218434,128,13885,0.47342955623418437,0.5385026734948002,41,critical
Vertex Group 6142,0.9012298519132471,4,0.09220731533924582,0.02041620930732971,0.08138629950638403,74.999862329467,2095,120973,0.065681222294415,0.14012940437979993,8,medium
Vertex Resources 488,0.9414040921322534,4,0.040213786165208244,0.010470444359382856,0.027747828928487657,91.99438418887651,3289,263734,0.0,0.03759740951376461,2,low
Vanguard Partners 8846,0.31863991862100494,40,0.30583015732269775,0.4400402002002239,0.45779302976425024,19.245406884838342,509,27065,0.5097526894757514,0.438996312348658,5,critical
Quantum Logistics 3505,0.5980434639485082,26,0.16953087364384703,0.10464291807260828,0.2573910716476313,60.61611965772345,1673,153582,0.13680440756577728,0.2484374221501067,9,high
Quantum Enterprises 4446,0.9418711979764612,2,0.032043251531698624,0.04602214760333998,0.036309983073127494,80.95708214673185,4743,265028,0.07158720363569156,0.044238123752992714,3,low
Nexus Manufacturing 6269,0.9858475695571562,5,0.03185018471739237,0.03744440324163415,0.017621965477292223,91.23323428443967,916,500000,0.012900225996367004,0.01693353447603724,0,low
Eagle Ventures 1886,0.7490544267187971,10,0.05386868452344824,0.10686390895272471,0.11471695711112673,72.08582008505304,2338,186207,0.1113482902630403,0.03946722625590223,4,medium
Delta Solutions 6950,0.8600375964793701,2,0.002178434053800549,0.0,0.04224497076197841,90.3875984807893,404,36377,0.0,0.0324496811357442,1,low
Neptune Solutions 4618,0.758541444527089,7,0.11450911795594644,0.0202730195495227,0.03013762417484138,80.28021766276373,434,341161,0.10101384268127138,0.13608762236905592,1,medium
Apex Networks 8326,0.9183017333393706,5,0.03444487545070495,0.014753496831557076,0.029307177873246094,89.5719462069374,4013,66497,0.049828908211724615,0.04048478163576366,1,low
Stellar Services 4627,0.7875365381118,10,0.10859124164204918,0.0610313255653805,0.09584608685066778,71.11873484096523,2457,147996,0.12097118990971019,0.0729759781354606,10,medium
Granite Networks 2476,0.7764911222345285,10,0.10750556404130346,0.07611835873054426,0.07382201855617658,81.93561069025563,3436,134305,0.07126578338632797,0.05892367249382769,6,medium
Saturn Technologies 300,0.6886829060259256,22,0.24043862666758886,0.2333549848798283,0.20953447181303525,43.975245662902154,1094,22835,0.3641766487010713,0.1181355914165043,19,high
Emerald Services 4620,0.23128712596273182,31,0.13930255989420548,0.5341721183589271,0.4411672811594878,26.530481722060312,113,76382,0.35020601656677136,0.2663823015459577,22,critical
Peak Group 2526,0.942373213138967,0,0.01812537410329193,0.029302775904672198,0.04266003510631127,88.57445230123353,3759,77490,0.05656789001648864,0.04900224413537391,2,low
Core Manufacturing 3668,0.8492281996897507,14,0.05221689558753546,0.11292290182933984,0.057788373059209516,63.31340055769777,3022,180974,0.17438761709517372,0.1189751880905731,10,medium
Orion Industries 5007,0.7865918532593928,13,0.0630644150699176,0.07501075643595037,0.062142827967941384,76.54934618374367,3069,306243,0.11809953873434713,0.08484758890308819,5,medium
Granite Partners 4128,0.8084424264308089,10,0.10270382117376328,0.051064726812220365,0.1015567580023013,85.52717937492174,757,39434,0.14370317747847097,0.10836181193801615,5,medium
Saturn Distribution 4939,0.7211258040859754,3,0.10803395258990138,0.0379164748686135,0.057889662311192025,58.81130009321534,1213,112124,0.05045563361876321,0.11804034056846763,12,medium
Delta Partners 3039,0.8072438056964596,6,0.10723394832001105,0.10958077591276857,0.10739014579466119,77.54531770295485,3091,285092,0.1652907133760578,0.10027175162557239,10,medium
Zenith Materials 6072,0.3773511594849708,30,0.4827072428279416,0.3628185588428404,0.43666669136587954,24.940189553939458,634,60314,0.4887458400696499,0.5290689077123308,23,critical
Summit Group 5167,0.8514927224860658,3,0.04271321729078141,0.011724157774671673,0.01643614378391828,99.42297300332439,3408,446315,0.046304666141257673,0.03114868536275333,3,low
Eagle Corp 5482,0.8390494907586962,4,0.033206432573915375,0.0050151863076824225,0.00574696907752688,90.95885967755528,2477,1000,0.039749713053813744,0.0064669201621276925,0,low
Orion Industries 6510,0.8413640986060955,14,0.06416728669658825,0.052182588389174424,0.0739385363513862,69.60142684243066,3263,132683,0.0664577436322312,0.042213392457872284,10,medium
Omega Components 7014,0.6835161591374964,5,0.02856666706348564,0.032180553091394906,0.13867437613266684,80.7556287912876,3258,213507,0.13103387623343887,0.0787575300535242,8,medium
Atlantic Global 9474,0.45231180193753573,35,0.20818147387214167,0.3404505714112362,0.31401632202609825,33.530592822549195,201,63274,0.6218572943590726,0.32148057004145664,35,critical
Pacific Distribution 1097,0.70895108808901,11,0.20617332075838687,0.20115981696665874,0.19777607157012803,47.08477630037993,1258,111390,0.3310410395133757,0.21396335225271287,12,high
Peak Systems 5726,0.9996315062933507,1,0.015457603449065367,0.028500121612617814,0.0351105918039279,88.71450169605995,3133,226044,0.05677937488367836,0.024994776350219544,1,low
Jade Components 2888,0.6122440543362562,6,0.1990445457768616,0.14399676090813288,0.20793825506652283,65.91663032525084,831,143229,0.3664316100638854,0.3186627411998934,6,high
Beta Industries 1746,0.5861628405248567,14,0.12821363968004468,0.19844536075598304,0.10427818049340819,63.72916599277735,920,193264,0.24574947477793518,0.20542786269697202,3,high
Omega Services 7831,0.8057745862347808,4,0.09269941333186033,0.05690687299601453,0.05300259446230864,84.3588530193164,473,143030,0.09421378501082438,0.021368209311535574,9,medium
Vertex Technologies 2215,0.6745493436620512,25,0.2202952811476955,0.2032720681921632,0.20024091621791335,51.67211198477179,1146,76671,0.2829106181650169,0.21745818450654714,4,high
Prime Systems 1121,0.7661712279475509,9,0.06945345826721776,0.0765908032897374,0.03761584091730731,66.81346836326487,3083,1000,0.1953451695783656,0.055919052725394,3,medium
Mercury Trading 4007,0.8786695815159009,11,0.1198231594130728,0.11135105514353191,0.08040076040008376,69.11376175356845,2517,219893,0.1918259560448866,0.08720339117553799,11,medium
Pulsar Group 9341,0.9717054373431612,4,0.016154461321167594,0.03298991480757638,0.05200785020148606,82.9394824574135,1724,479956,0.05415287328164202,0.021661072714656695,3,low
Sapphire Services 1389,0.542132871183964,26,0.20919736098463215,0.24003897893400786,0.14928968477924304,61.80355447881706,1159,17137,0.3542116562851754,0.20318272293220999,16,high
Atlas Enterprises 7817,0.9166649225301224,9,0.057050530936371566,0.04381883179135475,0.14798646540179206,72.4275954770855,61,286241,0.12794140604567272,0.11094384317269315,4,medium
Onyx Corp 6144,0.8114664480790018,6,0.04812280274260422,0.03769231463238055,0.12399366784404561,74.91664950069617,932,159068,0.15743987062692372,0.050218759797525075,6,medium
Phoenix Group 4023,0.8579111364579584,6,0.05875529163155154,0.08462879572839578,0.10040646013650208,81.89333455898691,216,308271,0.1779901460947383,0.09657883026681105,10,medium
Sapphire Supplies 3002,0.9669184611528718,1,0.02642728429859157,0.03847037840448174,0.057683851042461105,83.8958203791283,250,39831,0.00871786991689849,0.02142908866360897,0,low
Zenith Technologies 4765,0.8626007882840523,2,0.029500300194195958,0.022439714860049573,0.0,99.33640936010153,5000,75426,0.047085502637554635,0.0,2,low
Granite Group 7040,0.9122408013325494,1,0.03917507432763189,0.034500482027362334,0.019860263037225323,97.03281743826261,742,322373,0.016113402221749423,0.04031694724670549,3,low
Prime Trading 3780,0.7664765225001923,10,0.08659087327733482,0.06024169511280159,0.12684860227453737,75.67790794115254,696,103914,0.17632864018054786,0.09472748068119238,10,medium
Summit Resources 6894,0.8710536815403185,2,0.02472056286508872,0.005973804232537952,0.015456491338836982,96.19137677521312,1448,467999,0.029835615587329688,0.0,1,low
Metro Services 8781,0.9113272808575184,2,0.01272523943361736,0.05069109217808464,0.005049723116733237,100.0,4139,283559,0.03372499638700502,0.015275826703233063,1,low
Atlantic Global 612,1.0,2,0.04331670179387596,0.03734486457333121,0.04663281910311906,95.48430060087117,918,233653,0.05587359548837347,0.021038641169243727,1,low
Prime Global 6774,0.9264574698710687,3,0.01273906539113821,0.0040940646993718795,0.014654635503081333,97.10607028123201,1239,460836,0.021506442428288648,0.010050830368149629,2,low
Global Industries 6964,0.9143448419021556,7,0.09025239005951546,0.03890164092713811,0.07805526175035994,59.631867585272445,2959,155645,0.06802004588010283,0.08561398313031728,11,medium
Cobalt Materials 6041,0.9715869088923718,4,0.0,0.04565367073503593,0.05561083723244796,82.26145802454509,660,383630,0.018531812329441167,0.0,1,low
Granite Networks 9643,0.9460778415140294,4,0.029043752654277118,0.03150698596334419,0.03640206568600365,86.25873830942739,3039,221254,0.06565241821106524,0.018025626235702204,1,low
Summit Technologies 1226,0.9287825631673966,4,0.003516174694486894,0.01109920827090068,0.048875235840456194,92.79599378916348,1815,118540,0.04929184827538004,0.030778463405793318,1,low
Pinnacle Partners 2507,0.9167031722691612,1,0.04861128646583315,0.05209604143274054,0.0,85.8227161788864,763,166253,0.010698708142717268,0.029305801498434626,1,low
Titan Solutions 5068,0.4947554413616623,14,0.2321421762124348,0.18826106934479328,0.2806461569297446,58.27405442548398,1111,155057,0.28125864060009137,0.16958448604129095,27,high
Cobalt Supplies 6205,0.8555375477932146,8,0.09997765049575784,0.10940688068843321,0.04018550289364184,78.3613379489593,2697,283349,0.16942618922212607,0.04969697401031212,5,medium
Global Solutions 375,0.9898132417137722,0,0.04619321757515035,0.031440695108894245,0.02271787555613889,95.32769226286152,255,1000,0.07481081865349609,0.004434113496649445,1,low
Global Networks 5428,0.7081686467064506,5,0.06654815574284403,0.0732300324276353,0.05349333523669959,60.20767180128681,366,82834,0.1593841216244384,0.10623160060613936,5,medium
Eagle Manufacturing 2170,0.5134602490639708,43,0.4991210449443823,0.5006783112396237,0.3642616797490836,23.84631869193667,229,83116,0.6526405570095699,0.3550307904542147,25,critical
Quantum Enterprises 7260,0.7902273903147332,5,0.07115169480462485,0.09017511622440509,0.053107735044816085,78.04797921616596,3171,246702,0.07504985275229545,0.117059499362586,2,medium
Prime Enterprises 9846,0.9085191228788969,12,0.08725034552659737,0.05788653229901539,0.10400284268390635,68.71438462059872,2703,65805,0.08216799621996652,0.14475371428765335,7,medium
Metro Components 9267,0.7612895988921575,5,0.053183647790337685,0.08902610793872406,0.09380962138858093,64.16951602309726,3381,245191,0.20454272155243605,0.111947409379833,9,medium
Global Corp 8404,0.808252708833867,8,0.07830473660529563,0.07498482745657667,0.08951690238321494,70.61767049522797,2392,73041,0.1482686494747334,0.031923628355274396,9,medium
Amber Ventures 784,0.9114863794562095,4,0.03136765990097969,0.031764824647660575,0.004448550645933103,86.22700843474013,4431,125813,0.008768346690035346,0.025033316328852927,1,low
Omega Ventures 7214,0.7744661355072384,10,0.09664902991601068,0.061489438161441964,0.12068877004318065,59.517281392325565,1320,63319,0.119434449519497,0.12280207671779923,5,medium
Metro Materials 5445,0.9039316735783186,14,0.11768257829132911,0.09835877395412289,0.053836187530654535,78.90072107157386,2555,88516,0.17950909402269347,0.042792815448362095,6,medium
Metro Enterprises 3573,0.7632798663326724,5,0.04385882928601613,0.06890312117851605,0.08176698187543933,64.76763833252112,1650,206987,0.16463982846810293,0.05735244661700067,3,medium
Alpha Trading 4799,0.6105230519761822,30,0.10076332230932197,0.1137584954368344,0.21009297180608924,40.10126401457787,1,138012,0.3823533548312371,0.2831727746463215,18,high
Neptune Ventures 6731,0.9314637874062168,2,0.018521072956243716,0.01862431115145481,0.01266131597488769,86.02980623387481,3783,159544,0.07582886378020558,0.014205021217127183,0,low
Apex Materials 969,0.8626596167329825,1,0.00895295665294667,0.02614872916076578,0.007821552928415418,86.6122211095236,2927,225929,0.031192770601837585,0.040180608308553314,1,low
Stellar Supplies 7906,0.898908345543611,2,0.023250912280327232,0.03303312335879292,0.04138976284816648,97.5492098151693,3088,119582,0.04922447933568714,0.006152146030917851,2,low
Prime Networks 9319,0.7551968928197257,13,0.09149956965479035,0.035818884880216444,0.10511195741614994,66.73931158256045,2537,168302,0.12084096578724103,0.07245809673439065,7,medium
Alpha Trading 5697,0.5136858400886469,24,0.09403733134080149,0.2054739491376441,0.08225580490846035,60.283753338728594,110,53543,0.2487408255475984,0.2833338563350247,9,high
Quantum Partners 6842,0.719345485738274,9,0.09014736540744028,0.1039692381266036,0.0598081159970709,63.93914037959894,1,72402,0.09563642850531232,0.034693087315146184,5,medium
Global Supplies 3200,0.877805828955953,2,0.04029469646477363,0.05417416475477289,0.030017196318405902,83.03341403047791,2617,156661,0.00318472558346611,0.020891650392361696,0,low
Nexus Components 4698,0.7821268715223736,14,0.09512048120047142,0.10078733564572832,0.0594774447826574,77.51426332091864,691,62494,0.11456331095107519,0.11716145170166127,3,medium
Atlas Services 3854,0.8616781558047939,1,0.029406764430823715,0.027147321938135884,0.05176921780767831,100.0,3513,72698,0.04379110323375035,0.030281151243299144,1,low
Saturn Networks 8865,0.9143460583533207,3,0.010363252871763807,0.0,0.0020179111900210014,88.09817116349613,4352,123116,0.008540477305606314,0.029767738875033416,3,low
Falcon Technologies 3079,0.9314933049742367,3,0.0782136900642316,0.06981412510528714,0.12501909524148413,69.97139173159,379,5260,0.1213206565294108,0.1314129191133641,10,medium
Peak Systems 3725,0.5782997865753899,56,0.43029364117995256,0.37473447174446056,0.4000935838555673,24.38907759346527,753,60711,0.4442286981521105,0.35269663708552046,39,critical
Vertex Distribution 5494,0.9269434644095949,3,0.008289022151330153,0.02960771112195434,0.04372089653642539,100.0,2584,168125,0.03928938992940555,0.005914646962941607,0,low
Delta Resources 6300,0.9711803410050054,1,0.021119755272139152,0.033604850727758026,0.05850047008194175,85.67853210049847,1063,80612,0.006885027627467642,0.0324112443913567,1,low
Apex Manufacturing 3129,0.8900234465854081,2,0.04520172073932225,0.020197949129472405,0.0016832448755486644,89.48070980243045,3542,316857,0.07150358798553372,0.03414374072494716,1,low
Stellar Corp 2445,0.7712659063617459,9,0.05070045509355695,0.05587206672343645,0.0323482570972772,67.98489925559582,2341,144215,0.17203025450298118,0.11873253081196626,5,medium
Mercury Supplies 9074,0.8186822617615412,5,0.09095250277731706,0.08119610738062256,0.09571960382316001,61.40849335759746,1006,207983,0.12570394669973173,0.05543549308384168,1,medium
Apex Trading 5744,0.7951021709499718,12,0.04581120305556866,0.024883111676516096,0.11961751520563271,85.24353998107676,2666,152425,0.15803918055539234,0.10684008860734293,2,medium
Onyx Components 5559,0.8224941435738921,11,0.07715496965505025,0.10296342495800398,0.11114812489208187,77.35085752695295,2245,277528,0.19864265155947144,0.09457519869827158,4,medium
Saturn Supplies 6009,0.9125328760788217,1,0.04886957851972706,0.008047365509563375,0.006291090459174525,97.23819781219997,1222,462458,0.03990584128712209,0.008635785843222315,1,low
Peak Resources 5950,0.2556405458881084,23,0.40708661231901777,0.3544795381099838,0.35768876731079674,33.373331833178646,126,65447,0.5959305384569259,0.46520526939460205,8,critical
Nexus Technologies 8760,0.91634657349497,4,0.012966476065540775,0.017360283409106784,0.023956600976801995,77.75877346730806,3536,1000,0.04518395654969155,0.005283035418439283,2,low
Nova Networks 4342,0.8377691408840253,0,0.02863314150061622,0.05400846904750867,0.0232598403422857,82.99823012852741,2178,429844,0.05916913614660508,0.018856689617691255,1,low
Omega Solutions 9500,0.26082391473397804,28,0.2763681042567303,0.4069325068171079,0.3853634657338872,34.7834006618226,139,14460,0.49316192597940794,0.5553357449925463,20,critical
Phoenix Industries 8562,0.2316741496163192,54,0.48928666426548684,0.3290346469360044,0.25475219726376025,6.518477517716779,341,23755,0.3761675116209807,0.502491135649162,49,critical
Mercury Manufacturing 4148,0.29389802754995015,31,0.2897471225908441,0.4319137427968357,0.20775023976607845,24.202536704894076,659,60880,0.5011411834026566,0.33695306795515206,38,critical
Titan Global 2800,0.8089563418870028,15,0.06607326843819528,0.10086321651710138,0.12395086421054125,80.8700648057255,1301,214859,0.11933534124969254,0.05790139946749584,8,medium
Pinnacle Solutions 7624,0.8459734336541327,11,0.11966085998676655,0.049350290311496674,0.13603902740655946,78.6324549979719,2835,43786,0.07906210713863163,0.05770370554662223,8,medium
Metro Industries 6506,0.7591707523929316,4,0.0882423163979916,0.08593179073688365,0.1048859076502963,75.77616993256123,1732,287776,0.18232558390003006,0.13331744496744904,3,medium
Apex Services 7357,0.8947101855981058,4,0.014282000691750705,0.010512491499800087,0.014611598329814046,87.13303698605442,684,203770,0.0,0.04210285713394218,0,low
Prime Resources 2251,0.982314265828893,2,0.043884245533306464,0.02872103260995491,0.05939554380938236,96.72515318376685,1375,114986,0.061430003882108106,0.01590404893694443,1,low
Orion Partners 1398,0.985688616633905,3,0.0130280710512053,0.02812932673881961,0.02474854897068445,98.85948781771155,3154,128048,0.04638421549250536,0.01137482958175627,0,low
Atlantic Enterprises 4557,0.7232968125623513,7,0.07284609639313336,0.07964938849233266,0.1304137428839548,68.25106941340691,2638,139406,0.15688144858117836,0.10953280439013119,3,medium
Zenith Enterprises 7703,0.8981309974379967,3,0.012874121181663962,0.030002939098839127,0.03782614994519145,82.9539904572635,4159,63532,0.009682642377685239,0.003372896309851602,0,low
Alpha Components 7525,0.932556681308092,2,0.036504063244498244,0.026250707817864365,0.01828060218685191,82.62055835883584,808,361919,0.03363042524691224,0.046908793794346315,3,low
Cobalt Materials 6836,0.8767238076355783,2,0.0477255558741469,0.04144363859045873,0.05319785241067168,82.68013767147269,3258,230950,0.08618571247288584,0.03237142020515766,2,low
Quantum Resources 7421,0.9859480270795903,2,0.04511843390441256,0.03138180485255521,0.05290122858347404,83.23853899039312,2327,279588,0.040300197650696735,0.006010128559926152,2,low
Zenith Industries 1276,0.7236592291452422,7,0.08720890416882662,0.07555397956161868,0.10362456251965055,62.43630979563961,710,118718,0.09070591201115745,0.0792373484379865,5,medium
Neptune Components 482,0.5229079916706136,13,0.07764014146484723,0.24497010688263793,0.12455323935219417,55.842893790901435,1630,145672,0.18762124565901392,0.20648728009863318,7,high
Summit Industries 8789,0.8025450582179783,13,0.03887376019999262,0.09367774701358467,0.04349161861775391,61.19715191299244,2946,48169,0.20562628902293073,0.06759491577255322,3,medium
Atlas Solutions 7548,0.6859652429854096,30,0.22205258579860918,0.22534597697625283,0.23916789475274927,56.81301858400405,1547,160052,0.35015978767409467,0.11396727099752307,8,high
Vertex Distribution 309,0.9684710938557403,1,0.0,0.004416052356166901,0.05643925954337942,80.56536232391878,1091,472388,0.04979677821334465,0.031587467003208074,1,low
Zenith Enterprises 4439,0.7958548317881056,7,0.109603335926033,0.073841777703978,0.08292698706764352,82.91836015531734,2070,308009,0.09546014450677882,0.07927672751479443,11,medium
Saturn Technologies 8455,0.9849168843927116,4,0.023411990141749335,0.04424366814556203,0.017291311664242432,82.67823467412661,4858,383357,0.022573280483897822,0.022215217591216883,0,low
Vanguard Manufacturing 6180,0.8361935989536282,10,0.03413029206875472,0.06778626021540335,0.07472089436689722,84.95824917105978,1144,331049,0.17649358184249278,0.04747060631276838,4,medium
Jade Ventures 9636,0.769524756173904,16,0.09783934513823116,0.11069005795759539,0.08998336282289644,75.28311971756088,1350,370407,0.17476395470804923,0.0426438932530512,4,medium
Cobalt Group 909,0.6010858197458887,29,0.19067997498727493,0.12062450716820049,0.2660570085994233,60.250716190152204,459,189829,0.3846931562108285,0.13997673949528713,12,high
Delta Industries 6328,0.723793654761154,30,0.09125603880038607,0.17474900882132471,0.2021544182108638,54.07860962162528,1730,87967,0.1823849800188778,0.2416181748792828,10,high
Nova Global 1873,0.7837283387250691,4,0.05144010739061146,0.11610800817080938,0.04523403400821398,58.61236399333833,634,317008,0.12605121093907098,0.12217290815621154,3,medium
Crest Services 1817,0.9803585838606044,1,0.011104729320938499,0.0198343814446395,0.014439139863277217,80.27416054101066,1102,61467,0.05823656488593864,0.010579582559924583,1,low
Falcon Services 3571,0.9127115435426483,4,0.021691176677505357,0.013336541747352255,0.03566532600694317,87.73347859718909,4387,226007,0.013820736420166955,0.02356453861928188,3,low
Metro Systems 4224,0.43270593108220445,35,0.43448647690632053,0.4140840785068191,0.4254579908955429,16.918340126328197,388,8068,0.5719964047216104,0.33082225933194664,22,critical
Titan Resources 4274,0.581205999281025,17,0.18408158712554604,0.20208805348608613,0.19313634468039548,50.198588480614006,160,14957,0.20345826493396216,0.24389870904882405,12,high
Stellar Global 2601,0.21570958920691194,45,0.319087458103147,0.5004420914033468,0.23256002084572303,27.185550614245276,18,55000,0.42284701077108083,0.4756437866479125,47,critical
Atlantic Technologies 2909,0.8356741138473347,3,0.056119923235802775,0.07091837626685887,0.07089406014320267,74.4043037932824,1214,38516,0.19265148792551864,0.04239772696556561,10,medium
Neptune Industries 600,0.9359480851136048,3,0.03737678775958835,0.010679708434166248,0.04306738601284024,82.40381386097637,1715,67064,0.03912575739001302,0.039594672244243095,2,low
Pacific Global 5488,0.48161409187295157,57,0.5021845831279849,0.43721086894643285,0.4475012727684414,14.347276422926019,299,90506,0.5479977407133217,0.6056118356953664,22,critical
Alpha Partners 9445,0.6512778955411385,32,0.20691406608684623,0.22392097632058106,0.24000126746032252,54.22209997682335,1582,63523,0.30644006894709436,0.1529070609324541,19,high
Pacific Technologies 9572,0.8666648869028726,3,0.010894873941213875,0.0,0.009032373275299654,90.03069123421443,3990,381862,0.04522280336197109,0.01583833171863044,1,low
Apex Supplies 4908,0.7016905632814987,12,0.04939274536562778,0.13014961027466435,0.04864675291021959,82.07801308276944,2091,273392,0.11790091463759253,0.0693522676695417,4,medium
Summit Materials 7520,0.948646974878181,4,0.05184113729938369,0.03001341679729086,0.017165014688576303,87.68035600187658,5000,303733,0.06522356125789233,0.001710765119525879,1,low
Amber Corp 7670,0.8840173133324266,4,0.022155072119404276,0.048028167851526055,0.01861013673496701,93.49298449641316,2879,1000,0.01018327402299681,0.0103091129636033,2,low
Titan Technologies 7848,0.9686456243602001,2,0.03999630094033483,0.0,0.031769837098086194,87.76704453897322,399,231148,0.054392146199277285,0.015618801950358916,0,low
Atlantic Materials 9158,0.5747371654627381,35,0.2303035817024499,0.21868266473635445,0.13204901472201613,59.4055378512492,1759,113540,0.15472293902310355,0.1813209500980104,6,high
Vertex Corp 1798,0.9239222998321917,2,0.0077704446021678196,0.03465203510150696,0.04301649526724702,96.66352197728317,2149,399030,0.051013899214039475,0.029132340628408387,2,low
Orion Global 7252,0.9630865446537435,2,0.031990290761443406,0.006639706316603233,0.050859305658256894,97.96437993127736,4154,500000,0.034341381376200304,0.04353640046963951,1,low
Apex Solutions 8003,0.4295936693083432,53,0.3824730545059811,0.3186098528919027,0.4487540756566457,12.048478215243442,407,40249,0.7456377691800005,0.45240895136827447,34,critical
Titan Solutions 8526,0.96357544725948,2,0.023045410207006373,0.02175289699334242,0.0,94.70354317857654,2280,338507,0.015320841254447232,0.021329743410464265,2,low
Onyx Resources 9812,0.9455182967823729,2,0.016986084412302285,0.001869620000066679,0.0,82.11505380809355,1791,73972,0.010306643487900443,0.04316498104067841,2,low
Apex Group 3502,0.8222131329462354,10,0.12090565808196295,0.09112255328660167,0.05558900774827201,75.36293438944907,1527,362155,0.15030896224493698,0.1528591146986625,3,medium
Orion Networks 3403,0.5853976473257638,36,0.13296505421450017,0.21794549422019222,0.14691763532343094,43.2635478243928,185,80136,0.38246701178951914,0.26626133728712514,13,high
Vertex Ventures 5033,0.8724020844139884,0,0.03220216894401463,0.05036498341809689,0.010330090503713456,85.0678056694431,1679,349967,0.0246023565340553,0.010018940103766456,1,low
Quantum Solutions 4551,0.8915208113299916,12,0.07609151503022271,0.04021222094198707,0.05070051331187736,70.87483306267693,2473,187886,0.14681456223800357,0.11557031535273458,10,medium
Sigma Resources 824,0.8546690306422389,15,0.09798272270488348,0.10360973061138513,0.14869757204556988,63.46112146904367,2104,115935,0.1972082613016545,0.05822652293942269,7,medium
Neptune Supplies 3114,0.7291307652161436,10,0.21799052598896634,0.22987466622644134,0.17899030562953203,44.3329628689933,1225,1000,0.3959894991327389,0.25822401204435397,16,high
Global Supplies 4348,0.8881901512203708,2,0.032511875590083186,0.008027853011710225,0.01488763044223826,96.03791669034985,968,93714,0.01608707514938015,0.017561014079590993,3,low
Delta Solutions 5941,0.7524784038182557,10,0.09981795044594102,0.04843961008663093,0.07630956673704459,72.59449438901916,1795,54761,0.08354699093599545,0.06396993072858484,7,medium
Mercury Ventures 8100,0.9324369173913808,2,0.046299267573284314,0.03373220956385254,0.06347959551728373,97.27076970569586,5000,170005,0.0208671833430505,0.03990265206325571,0,low
Global Solutions 9042,0.7332575993074001,8,0.11253149566662642,0.02980288692545026,0.06825612284122194,75.65444109219204,652,1000,0.10146553610565996,0.11976915934684468,12,medium
Crest Manufacturing 7423,0.8550915655529987,1,0.026078460196484236,0.04250423162828064,0.0,97.64248880269848,3550,202339,0.040964887783227676,0.05003369900736033,0,low
Sapphire Trading 7574,0.7085071662945202,11,0.07812112074844453,0.10993285562262735,0.18224854651568373,68.1455787913483,580,155362,0.14850496643079034,0.137509230193216,4,medium
Phoenix Solutions 8555,0.9387628244539993,0,0.03253201428334565,0.03408140134893164,0.0514317217429881,81.17170789877538,1329,361685,0.02132183096094903,0.025414396289313745,2,low
Apex Systems 5910,0.6290678792661893,19,0.21876974475462732,0.17386998227561995,0.19752484439315487,64.20975885418954,1536,113307,0.22172368101509662,0.2648152545503812,10,high
Orion Materials 6877,0.7228869481023874,11,0.08377557663053686,0.05101445619924453,0.13891426014149463,74.60316913131528,1929,302685,0.06583588942194728,0.12857381031025988,8,medium
Omega Technologies 5949,0.9187555234143002,1,0.04579790959294885,0.013892868029181847,0.007440074643755929,79.85036397169827,3870,99045,0.012858822164220334,0.03445831219838992,2,low
Sapphire Group 1266,0.8800600142564462,5,0.029221994137281992,0.0026165789666503284,0.03865256021177729,96.46249179535582,727,119681,0.04259762174894241,0.003404529655994255,2,low
Delta Supplies 1581,0.6169331953452031,35,0.20590892958216253,0.2230965772577148,0.16160974649774687,42.89594383452921,200,45630,0.3818839083261945,0.21385230583256462,8,high
Metro Corp 4097,0.7141523690608165,3,0.06050476334704482,0.07461493076112181,0.05347603103762571,83.72495660275382,1652,341639,0.11789655564878482,0.0837879893722208,1,medium
Global Ventures 5269,0.956676791588643,4,0.022985442766395883,0.03396605035064522,0.028083208835983833,82.79699416173504,1589,77944,0.05687727915388987,0.005992796511817951,3,low
Pacific Global 650,0.8764366424149531,4,0.0316383869366117,0.042411425681843445,0.03930290540408307,94.69157373834078,624,83539,0.05444998679895597,0.046556420385967176,2,low
Core Corp 7770,0.9184452548317411,2,0.015115624644321805,0.023105426431913958,0.022204369262306196,91.54694045193409,3269,377571,0.05554233054011752,0.02018158886465417,2,low
Core Global 4017,0.8190221484183495,9,0.02666424622378088,0.05485117253989415,0.12230228791152145,61.28419825761511,1863,272975,0.1279808540646938,0.13678415840794567,8,medium
Sapphire Partners 6894,0.9338967751254731,4,0.011323734774047908,0.01857148671693211,0.032071320517814854,88.26657860105837,1501,404462,0.0001460762045504343,0.042669515098857545,3,low
Sigma Solutions 7057,0.2993602211832756,34,0.23094379631014278,0.26165184674830183,0.4601773546519189,43.578655792068346,287,35132,0.4236164631765898,0.266806192543146,43,critical
Phoenix Materials 9884,0.8522051768210727,15,0.05014711042144183,0.09860311227203372,0.09249685273629243,74.26888329135899,1544,302788,0.15057942595941787,0.04349980841925634,6,medium
Omega Logistics 690,0.7146004958789441,11,0.18098733409499226,0.11294465841751744,0.2643336040631459,56.936282924833264,1644,171835,0.12819683702358742,0.22040148839772022,15,high
Global Distribution 8292,0.811881794324598,13,0.07692114955317071,0.10068244647006257,0.048502900608403066,75.0549881774547,2873,329984,0.07714812368338728,0.04767619902260335,7,medium
Amber Materials 8897,0.8972947174243662,0,0.030341792552765062,0.0233752356090391,0.03616837722193482,100.0,3443,450278,0.0,0.04799169774821876,3,low
Pinnacle Resources 3015,0.9481345555641397,1,0.04680287456732695,0.018524321071768282,0.020393610967898605,96.27891632215093,3000,439012,0.017539314252842983,0.009547277655613943,1,low
Metro Enterprises 4955,0.8666730234210783,5,0.08541219678301748,0.08171804435173292,0.10056577689974812,65.0383324322229,2031,70760,0.1373192978904707,0.05979716837467405,8,medium
Pinnacle Corp 2588,0.8424856385176603,11,0.022080665264075212,0.0449071711184938,0.06612468077679347,78.0361102139766,1473,57155,0.06734372616965584,0.04746190828081088,12,medium
Delta Networks 8389,0.9444151779753206,2,0.024699074281035488,0.00866020411316638,0.03231546583907309,84.090190776682,3948,476130,0.03236234041311503,0.0092805391359992,0,low
Sapphire Manufacturing 1505,0.6687860328128095,15,0.1661705772176504,0.152302259160559,0.19840402892020761,62.940166225916876,894,19535,0.4125847914830448,0.2490428394005386,15,high
Atlantic Resources 2902,0.5561462458865247,24,0.4832509843654281,0.23994252278022127,0.24958484640797793,32.710332089011615,287,76433,0.4473863192923882,0.41259723172041324,22,critical
Sapphire Distribution 6738,0.9884950618864358,4,0.010776857202136184,0.039651185102102034,0.003304019482630838,94.60722649851417,1135,233827,0.06167744039912903,0.028991828111599234,1,low
Onyx Components 6782,0.872745911581341,5,0.04629641842966705,0.04894789073821293,0.03994006306499964,80.21737131464477,5000,452430,0.00013975492113229866,0.04637953832353016,2,low
Apex Resources 738,0.9027788025765219,4,0.03925909228758364,0.04431874944904929,0.012355031399140785,94.11202551424037,5000,500000,0.05177039327370586,0.01507911064307092,1,low
Core Resources 158,0.8650778214099534,5,0.015957963491023023,0.04256645767526945,0.016119682316898906,89.25087387127459,1284,500000,0.08539924048722311,0.030848334074045865,0,low
Phoenix Logistics 7608,0.8621464693471117,3,0.0238866357974424,0.04432904732257416,0.055587202793191036,97.04359903365877,1635,403531,0.06820864439370643,0.03253894482200412,2,low
Granite Ventures 5618,0.3564789770545491,52,0.36628604305598644,0.24377670536395937,0.20036724381393256,31.89448073783688,380,16756,0.6525741976901167,0.4359421364916029,5,critical
Atlantic Partners 400,0.7298763085071271,32,0.12588472407648074,0.17462232617341822,0.14332046282426772,60.842894512659896,2218,132650,0.32819351436809463,0.3051664861755788,18,high
Cobalt Ventures 4833,0.6606757003310252,19,0.1729004735050937,0.22485256516999325,0.25182576491688435,44.386824190084496,1584,58605,0.16105557312919663,0.1614633546342122,12,high
Titan Materials 6789,0.8657688743819765,2,0.03384868184000348,0.012809179494088377,0.024540182656850745,92.85234660058349,2741,171285,0.009101261434782413,0.01756451307477803,0,low
Apex Solutions 7890,0.766229384007585,11,0.110544076949346,0.03582972719898054,0.09087440695238821,73.7650424334227,3821,141908,0.14711944802827745,0.07516276066627567,3,medium
Jade Networks 235,0.8392806522933939,6,0.12092516752154123,0.10462179630972065,0.041449431062092805,73.08125269933785,2423,183795,0.19025525216010925,0.06350838516883515,4,medium
Pacific Group 6612,0.9735777650844998,4,0.003284221741218332,0.045671217681908315,0.03269549619221395,83.56401143720441,2804,110452,0.07007714715320057,0.04746110964840051,2,low
Atlantic Industries 6714,0.992837187520437,0,0.019709538660425036,0.026473850970431645,0.04772884103329919,82.09064125222604,1367,1993,0.07628020193096759,0.03897872816962358,2,low
Mercury Logistics 8364,0.4161336694654733,60,0.24896457588218698,0.40139714911571217,0.41915980404748976,31.28203003577526,821,81854,0.4273386282243147,0.5982680427598115,11,critical
Sapphire Partners 4020,0.8601653652929387,3,0.04125065863995385,0.03481194094724987,0.029381794808828913,88.93724362366467,1771,314074,0.07287664748036685,0.028063256213240906,0,low
Zenith Components 7181,0.8383432507871271,1,0.041674815426789386,0.016744078353905317,0.023704904271121596,99.22103940453889,2021,267201,0.031039363864536883,0.044621938469837474,1,low
Delta Corp 2744,0.6099957060575459,30,0.1844287352980136,0.22339915626446802,0.09523041154975637,59.78082804457235,1499,143297,0.1322326502708722,0.1831031984843324,19,high
Atlantic Services 6910,0.8720074656767314,4,0.009402762031631626,0.0008369535406801542,0.03226251465564245,90.1008807284866,778,14926,0.07402976369824849,0.0,2,low
Stellar Services 3873,0.9049708641449213,0,0.019127323149790293,0.015982368148261754,0.040577563151257524,96.14365366083153,4475,500000,0.0,0.001836131414211001,1,low
Amber Components 1828,0.4683168422352658,38,0.45598495734273614,0.40820552669143495,0.528451696667333,16.510924183935636,520,92108,0.6504419906025312,0.3493163511257607,25,critical
Atlas Corp 1181,0.9841878665177117,2,0.011018744893530056,0.0033619964278904946,0.05346526742103795,81.48676936881215,4639,316765,0.061546698333260895,0.03823001665953662,1,low
Stellar Trading 4601,0.8409083317871675,7,0.12015759714949639,0.047276665712839755,0.08465961019059745,86.32486210992835,2449,235296,0.12266095451922927,0.05375514621252542,5,medium
Pinnacle Ventures 1200,0.9147103956592773,3,0.017267110932278857,0.05122454152588355,0.04900991179734035,88.98203989759799,788,442458,0.026804403112883624,0.0278349385562092,1,low
Titan Partners 824,0.812719436370727,8,0.06117311432306492,0.12013752365830782,0.13799516312393464,82.0358708309899,2370,213434,0.11407489285622967,0.09438630726963557,5,medium
Core Industries 3888,0.9680902840354247,2,0.014890485642007166,0.04005590886063884,0.049733364076736904,90.41382208300017,3847,417298,0.013272465293125115,0.017122567520259986,3,low
Pacific Logistics 7531,0.9354556214076368,2,0.03684223286346624,0.021424493479854353,0.007829765831653405,96.32523201413825,1696,239904,0.021304079960010824,0.013738213992312679,1,low
Vertex Distribution 2672,0.642339177265246,9,0.08573461457327189,0.16299386299937532,0.1566754231002197,60.98489670244742,439,50880,0.16821879967991019,0.24082657574309482,12,high
Vertex Ventures 337,0.5901256572831807,10,0.16515057185064536,0.15601511735208506,0.14255084438486765,60.36041470910674,616,94206,0.37621210167585456,0.07312250979810217,21,high
Metro Services 2175,0.6941857346956527,16,0.16745665602620668,0.15256029297990473,0.2621289740194263,39.816249694002956,646,134735,0.24923950461796665,0.18687747473689573,11,high
Crest Distribution 6815,0.8393142718858756,7,0.07074674462644136,0.09852990134031694,0.07271368662243288,85.26906268067758,689,342247,0.10764781930910113,0.04692440210334259,9,medium
Granite Networks 7756,0.7769435924170843,13,0.03572951892518379,0.09522641277106489,0.04760377592748663,76.93400036508169,966,215464,0.18196994406585998,0.12082652264958707,10,medium
Peak Technologies 5523,0.7774140948442552,2,0.0950278201257901,0.11832773438364527,0.08044812816208749,71.08754584800336,197,16266,0.17585118099567704,0.09344114163181935,9,medium
Delta Partners 4576,0.8718202097053068,1,0.019918980670389337,0.02857529139683712,0.055655818050886374,93.91445862690136,4394,278357,0.0275816316477343,0.007709911390035115,2,low
Pinnacle Distribution 1683,0.8600315921541004,4,0.014496925737866696,0.026246666764773458,0.032024399626050803,80.02651264120404,1340,500000,0.03045668000574691,0.028082279778278228,1,low
Zenith Resources 138,1.0,3,0.043369244969196315,0.034955401342697694,0.05432758198248525,83.7081076857831,2106,352397,0.03979992103660073,0.016162194094741615,3,low
Neptune Distribution 9770,0.7040752634597692,29,0.11512262481189506,0.13319638136549833,0.27213851881429735,62.70195087090701,294,58705,0.1961375068575317,0.2879445668621133,11,high
Granite Partners 8738,0.706295311052158,6,0.08173051715503764,0.08112127330672951,0.07910264448615197,80.79103581784659,828,363217,0.17971384209927438,0.09272821817721624,7,medium
Atlas Trading 9492,0.5181733757859998,19,0.11717302213963876,0.22740659602878066,0.1087916515073363,50.95828550000707,637,165174,0.3059303467230801,0.256412307399275,14,high
Atlantic Resources 2743,0.6122877526698722,29,0.12306044678090636,0.1894388945134646,0.2950579049689726,51.69893486090675,868,47364,0.30275388218885135,0.2565218881922132,7,high
Phoenix Global 3175,0.8463121604651402,1,0.03619722465721422,0.05261279096792473,0.044783354428283406,83.33536637885125,801,97755,0.00015428558532926562,0.04725977448910699,1,low
Onyx Materials 1642,0.8875574810204877,4,0.004142677635415414,0.018177756835751457,0.023720721898186026,87.82778432497386,2795,324261,0.056708350210699796,0.04640693151856487,2,low
Eagle Materials 4694,0.7817837108609764,13,0.042528711980932644,0.08413152647846472,0.06473541093457878,63.68507222059637,2826,86626,0.18965140301235137,0.13740281271792487,4,medium
Vanguard Solutions 3640,0.7868925333073893,0,0.023117221029814762,0.0470720806119376,0.13827595380701127,68.08471199698467,718,128720,0.08302528656269458,0.05960963069533293,9,medium
Global Materials 4593,0.6334467055055668,35,0.21374035679843725,0.1356533550851211,0.2645490902286747,41.48625096987593,950,99325,0.3111100327751679,0.2002304927969135,17,high
Eagle Global 6381,0.8545245147256693,3,0.04709399016323668,0.006076788303762845,0.005722015864105522,94.85024712813662,3720,313615,0.03960356909006109,0.05541659313185322,1,low
Granite Services 1306,0.8692690591408508,3,0.023725367945897125,0.030857253133854578,0.015842374647314736,84.59398796509211,732,357020,0.029501244653511786,0.009034731374751465,2,low
Mercury Systems 9511,0.8934893642044714,1,0.017696509007736,0.007449818553669345,0.03278755479961579,86.9655967647398,561,443835,0.03742255994401753,0.010091180621432895,3,low
Quantum Logistics 8504,0.9622730026290652,3,0.0418627443096594,0.04425761295673149,0.050883207572201945,94.80570540076543,4025,395509,0.04547514590001005,0.040198685874652564,3,low
Neptune Trading 7282,0.773546592322563,10,0.036425812485812684,0.05758114495176605,0.14849914186112734,82.86214732588276,2647,87638,0.10092137285101242,0.13031023396353186,11,medium
Amber Materials 1233,0.4632155581111375,31,0.08757072719069507,0.3304027715222902,0.3203595600661251,14.889907955169233,348,31141,0.6479482666403205,0.3753014379770522,46,critical
Atlantic Manufacturing 3764,0.9961191253948655,4,0.016107242079410337,0.023534713821946687,0.05574099187997653,90.55690402900488,970,1047,0.05188721152201735,0.037668420665014676,2,low
Cobalt Industries 4229,0.9799520715710155,2,0.038083814840539805,0.023210730789742774,0.0,85.17613085806246,2834,386965,0.014362619812053192,0.03503054377425971,3,low
Nova Logistics 1565,0.7335886412787709,15,0.12353365021701034,0.10832730437123392,0.15003731139291965,66.13405394718407,959,296094,0.2207310010071289,0.100353763168812,8,medium
Delta Group 3940,0.8086398471954416,9,0.11175169150440696,0.09004712388377256,0.06792638012260041,80.31824856763646,1477,163526,0.08479486233875154,0.11547014060532865,11,medium
Saturn Services 7471,0.9729228876798669,3,0.03292060657830858,0.007305652333747069,0.045408186362358126,91.84348169870941,1866,484160,0.03610933726806655,0.020591805024961246,1,low
Delta Partners 2734,0.8856191029091639,4,0.009901242156279121,0.03991747820348601,0.009706005517469694,97.51313516808895,4834,265047,0.05145535639664734,0.05208594757016753,2,low
Eagle Manufacturing 4433,0.543826254897112,36,0.12253696079926546,0.11299115807438358,0.15921793794904163,57.798506122552276,1395,16758,0.2819078025340992,0.14788517823839276,7,high
Saturn Group 6199,0.6376965242253134,28,0.21419508448450789,0.2015074774304698,0.2665399201689307,48.57770558879124,1154,31895,0.21012607599104424,0.10032699308536364,14,high
Delta Supplies 7451,0.5462240208484109,15,0.15612345598279687,0.20388699865436238,0.29275845995120914,62.619182935233006,987,155876,0.3000859090392438,0.22367052938884946,15,high
Prime Supplies 1822,0.7516122003127496,8,0.07489573832079816,0.07960311909114398,0.12293458248317936,81.89845460472296,1852,357511,0.1791104996950063,0.12499858715017002,7,medium
Apex Industries 6018,0.246655749116139,56,0.48071528344849873,0.330241358459639,0.21758677445621002,12.985626092890875,672,29898,0.5755707373594248,0.3055993582866521,49,critical
Nova Networks 1709,0.664701818987157,7,0.055963724606298476,0.10119241454023105,0.08432908427793485,79.11897272083077,906,79507,0.13996200960046928,0.15742113463540477,8,medium
Delta Partners 9490,0.4571009993738663,30,0.2422811327204725,0.43757066973562575,0.3401965060559019,30.102548167351557,400,4634,0.5259658501970066,0.4056765270383463,50,critical
Orion Solutions 9988,0.9679836174403401,4,0.042608576562167065,0.014650240400189495,0.008018376451024208,96.27386210283721,2923,411990,0.046660095905575384,0.03296301126592302,1,low
Apex Corp 1658,0.4499714068768478,60,0.4555370553525944,0.28831870711181445,0.21753754327139385,24.534748963064274,23,106292,0.3884619525084806,0.5458156151193196,45,critical
Saturn Systems 6085,0.9403118306518289,5,0.020857480422679566,0.007485630911891979,0.04668488299342442,91.4882061227533,2576,210715,0.025686454317104337,0.04892104927957265,3,low
Saturn Manufacturing 8836,0.6300896592645542,17,0.17440734521126897,0.18825158911668285,0.28658168488816266,50.255824821087046,1,163388,0.14098419360822878,0.15598035435409113,9,high
Pulsar Distribution 4946,0.9105466561819683,0,0.01161255366082614,0.00866226699451799,0.029874796238127218,80.22547425356595,4807,137268,0.07399166504028236,0.03324105497492148,2,low
Cobalt Networks 5333,0.936831789106892,1,0.022349013210324658,0.009881453300051924,0.03342266325918059,82.51442827018154,1785,150158,0.043299747844629664,0.04584692042537965,2,low
Crest Technologies 4562,0.8104018408848906,7,0.1051372060794139,0.05028827850169431,0.12780361784879435,84.2858233311931,732,227915,0.10834871013592276,0.14757011127995168,8,medium
Stellar Partners 1175,0.9559462968620636,1,0.002247604289454334,0.023450359010689974,0.04992932134720179,84.67725776202002,3564,39021,0.07470088150836958,0.01487144625950546,2,low
Onyx Resources 2898,0.31537485802147475,40,0.4882220345350881,0.14991878023044486,0.14913610236821717,39.93024239140892,444,59898,0.67804422638929,0.44220786772244525,33,critical
Alpha Global 5289,0.45450180484869807,50,0.191444013449396,0.34402294738362865,0.41519058928943864,28.456332817056587,37,21701,0.32918655657492735,0.6549932765741419,50,critical
Nexus Supplies 9673,0.8514274363546322,14,0.05115078857743256,0.10360034792501809,0.1353789545359565,76.65219270283497,1603,146780,0.08926165529963981,0.05208058106303659,5,medium
Mercury Logistics 5906,0.38872015104734275,30,0.22527689395562056,0.46039505233957606,0.21991736254907568,6.590146576935038,182,43016,0.3646457061660293,0.2545323867490551,43,critical
Granite Group 6645,0.7164647677421797,5,0.0708700500929422,0.07331258599528995,0.11605687016760423,83.33986317546938,1533,47991,0.1704899486391092,0.12866341828091038,6,medium
Summit Systems 4870,0.8561891239881193,1,0.012108201528719161,0.007025519469207857,0.03402657312328377,99.02892991594284,5000,266002,0.03533882295390188,0.03474567266470481,2,low
Stellar Materials 2828,0.5378919391665472,16,0.13670978795618074,0.24773201720769167,0.1851344857011951,40.05308070564046,896,84587,0.24316160453690805,0.0992628832808588,8,high
Saturn Resources 6740,0.6532909346586285,34,0.11244788595726718,0.2181853587799402,0.12803861354176127,47.92566785369617,957,129832,0.29575040131911595,0.15080929236247453,12,high
Pinnacle Distribution 1994,0.9821082725534723,4,0.029173820157189514,0.05599895845972126,6.134550330829259e-05,89.85647595755597,2924,54626,0.07210585081239643,0.00976463002550675,2,low
Saturn Components 7267,0.9077443787920467,2,0.011807974530921504,0.033704007494423184,0.022204762247036696,88.17360913325201,791,442649,0.016749322006892078,0.04319303563870292,3,low
Eagle Networks 9684,0.25315532610590386,37,0.18860189491825102,0.34750618700955627,0.3033493975459761,19.59411599322455,219,81890,0.6420420419996,0.4446476224326888,34,critical
Nova Materials 9144,0.7535034142751702,6,0.07796828074801564,0.0980572074886015,0.05823924061266665,64.28028167591339,2233,268505,0.07631873645601385,0.06026483500511147,5,medium
Pinnacle Trading 6626,0.4063434316966248,35,0.23894073043299918,0.39529003026697807,0.3905346649329007,27.337402645847742,450,20569,0.6982220713472642,0.5237364284167656,40,critical
Onyx Networks 3737,0.9422291143723852,4,0.0343087781630293,0.01909997918716116,0.004675278294545485,88.10110840847244,1652,443042,0.014234020364528525,0.005622178321340688,1,low
Pulsar Logistics 6302,0.8504601284421877,2,0.042305577435123226,0.029153113643459645,0.03264564462388523,83.46878754814988,1383,403420,0.04216784459237898,0.010889836333197926,2,low
Crest Distribution 7904,0.9000166807309026,4,0.04496874199887695,0.0019461594237922875,0.04200909994344155,84.07402906762066,3422,81889,0.016586743826805042,0.026296863613462538,1,low
Omega Partners 7847,0.3636429196441312,34,0.3741767941146066,0.39814361978098206,0.3208644486523949,14.170310809802418,564,86688,0.42947959995814466,0.5228413542462428,43,critical
Mercury Global 414,0.8860618817983902,2,0.026763108955806462,0.043582868859732574,0.012826266767362798,87.48884137535816,3625,187763,0.033031450949648676,0.020934779334962458,0,low
Metro Enterprises 612,0.7993958773937513,13,0.0433516870825121,0.033241297007466364,0.11204342156690644,62.32489999769694,2864,260303,0.11423393355921446,0.14108594893050805,12,medium
Prime Services 8504,0.4345113077993161,30,0.4144056263940504,0.20668928511478069,0.15040896688493466,2.997365590158629,694,82287,0.6741914411614667,0.4306940699618871,31,critical
Orion Trading 2409,0.517944543819748,16,0.1341879230579442,0.2419823119858054,0.2272522288773787,43.19046756404829,654,56379,0.16949516239026405,0.17975454377058253,15,high
Jade Services 655,0.6774245747523355,19,0.1634283224003968,0.09374325667930708,0.2033994643992648,58.99848935406572,1120,172277,0.16774065255592419,0.2645134995479658,7,high
Pacific Global 6015,0.5765349232313501,14,0.17954270046105272,0.26189702689106686,0.10464440845471217,37.520207503932916,171,107154,0.18104719177521944,0.2093221317490724,21,high
Granite Resources 6826,0.8444686783104706,3,0.039022795169547486,0.04723237633482039,0.037775913856790015,94.19696863426658,4274,206793,0.07385443753591833,0.05197202528897304,3,low
Sapphire Resources 5891,0.5903288468021564,13,0.2182401644899557,0.1661296083274449,0.15585120770758154,57.397113316097304,1643,105802,0.1523551667705246,0.11915597349090122,8,high
Neptune Trading 280,0.6054358710996496,14,0.2493401855920652,0.1437714050117,0.25624761353142317,39.79376956684342,1415,20545,0.31170361773108524,0.3028202483341534,22,high
Alpha Components 8257,0.8714509445053111,12,0.0449363497712948,0.07105161023266192,0.11900393238153024,74.49320238980319,1187,228926,0.11035047231358498,0.10370961129303571,3,medium
Saturn Group 3568,0.22811055625089874,36,0.2571092688393027,0.43015154751917195,0.29764709330936173,22.672159433195265,535,102289,0.33042943136089703,0.44132601437126256,16,critical
Alpha Industries 7979,0.5232996914870839,20,0.18238707342237997,0.1685586297392655,0.21379911204712618,53.040455581219206,1078,66970,0.35011621706251284,0.31286147026801603,3,high
Vertex Manufacturing 3282,0.8244209538348782,9,0.10207117641592496,0.1020900474669849,0.07395854279968694,78.48629062047446,1459,30535,0.042155173208111185,0.137351494631659,3,medium
Quantum Global 3376,0.4646831334207052,27,0.20133586047265814,0.34668151200653574,0.278259062321458,13.738023317655404,437,51255,0.3895015595629228,0.26958720827697413,17,critical
Quantum Systems 8019,0.8901466747033527,3,0.01642040531602815,0.005594658784896905,0.03474652394655758,87.85446235706387,4572,337081,0.04023531145441383,0.0020273835103571595,2,low
Beta Global 2609,0.2367286053222795,47,0.4002129076010413,0.44336909648628464,0.2745876760353033,21.15926520078915,342,43264,0.3882132420937841,0.28372143632349234,27,critical
Pulsar Logistics 8018,0.8428191570449203,3,0.02945050927446781,0.04437777237329423,0.014996615544011606,84.01764332731774,1861,58953,0.04249964908110189,0.01874991169530192,2,low
Prime Networks 9032,0.7300386329969274,20,0.10510863288122109,0.11471931436294015,0.3053839541070908,42.023611888210134,1010,187351,0.34648867480791884,0.26151415371154296,14,high
Vanguard Solutions 916,0.32826046471375425,47,0.13266069630604496,0.486061626490723,0.4028481795978605,8.962604052268295,403,49754,0.5288660146192609,0.2785603619331789,48,critical
Cobalt Networks 4253,0.6409633328439965,37,0.1984651024298063,0.12433605414701153,0.21568764683104236,41.18350002906329,2000,43340,0.21505238713572866,0.22427208245729816,24,high
Eagle Corp 7875,0.8745720685484034,4,0.002162893579194993,0.03149310857032956,0.0456205412701658,82.07156754643033,665,265169,0.00550413257339709,0.038180496932373874,2,low
Mercury Industries 1437,0.8375345031176064,3,0.015604481333911657,0.021896073836937018,0.00824030234129244,97.16590428007714,3838,491019,0.0588653152834659,0.03892310965928095,0,low
Phoenix Corp 8024,0.7447352073458031,8,0.08039504306153097,0.11357399560313397,0.11644394159593717,81.18469828895147,1451,234833,0.12654828327976989,0.07463966637173235,9,medium
Quantum Group 8100,0.9931392474753917,3,0.019552129824239352,0.03642484926686967,0.019290653783953955,86.58918568936906,1696,179735,0.035428131335040455,0.023053506793885445,3,low
Quantum Materials 3352,0.8952728383837916,7,0.043473842133769876,0.0823979786854462,0.10564905006836213,66.5970255436879,2315,212169,0.14954205393762365,0.11786747694786551,3,medium
Metro Global 2076,0.7470696155856285,8,0.07268080354430612,0.05862322907453436,0.10117453438843758,60.20015866346853,2668,53824,0.09984283123649408,0.06061418306569077,6,medium
Phoenix Enterprises 6961,0.5645978592710683,20,0.2150542912247262,0.20902216884134003,0.1375229483849881,49.94470892547657,1169,140795,0.27795944960790625,0.18555931888267876,14,high
Omega Global 319,0.820406977462285,13,0.0738522617823115,0.06660016568541637,0.05023925021690601,67.37302925286069,2285,224822,0.2127179914452549,0.06969666143230722,12,medium
Vertex Industries 645,0.5341818678633424,17,0.21312141799111595,0.1428992660382339,0.18684719310096773,59.64159278140273,671,144515,0.38220628795145156,0.13791436162340556,13,high
Cobalt Corp 4329,0.8372480796455237,6,0.061996064631289524,0.11713826544915124,0.08453244987140285,83.65330306790861,3101,154435,0.1419661533085569,0.049635212110240856,11,medium
Nexus Manufacturing 3318,0.9317360880094965,1,0.039341867310570836,0.029952438708600967,0.03635838789767806,84.89219481187196,4774,389763,0.01547085229151713,0.0,0,low
Stellar Logistics 3370,0.9478714928586676,1,0.007236305033401049,0.016528154896411424,0.013255362034196144,98.50433140053299,4759,460560,0.07458986259659432,0.02293763442028146,1,low
Cobalt Distribution 6248,0.9883180098577832,0,0.04754696145702823,0.025896105272133006,0.02886365273503496,96.14049115178669,3109,304465,0.026250877215581593,0.012229461146079678,1,low
Onyx Manufacturing 8580,0.7344537214668435,5,0.047523288080084686,0.04361084023419502,0.09004697638949512,72.25529959253555,265,36347,0.12203438948526825,0.11277896533557319,5,medium
Eagle Ventures 6763,0.43420137020179644,54,0.26100664600606605,0.45677324749441467,0.3923494329125753,34.008046490926866,460,53916,0.6381231262469428,0.5488595886570772,45,critical
Vertex Ventures 9566,0.9263725118461923,2,0.016629640449802995,0.044258186490024554,0.05060634936223297,89.30460857632133,1885,356874,0.04584706751128768,0.036829380614987056,1,low
Sigma Materials 7824,0.708447991010592,13,0.11588089816612211,0.11627612145705346,0.10459065575796368,75.1283865008855,2461,231438,0.11612268028265693,0.10530276376943454,5,medium
Falcon Systems 2338,0.5518633256484747,26,0.21194254093281475,0.25773400628742893,0.21305279552240916,51.2160587197243,1649,126911,0.16972732594518725,0.11874614359163076,10,high
Peak Enterprises 7755,0.6748726601057781,20,0.12183897446249654,0.19062374229956447,0.08953108235350235,61.262761303267304,244,1000,0.4049158470706052,0.2773152500868676,19,high
Eagle Trading 8373,0.8757977891882546,4,0.008766540108215941,0.01999406747620678,0.03391728574597155,96.24447842126811,2367,143761,0.0790635237375407,0.0,0,low
Granite Enterprises 7563,0.5505923773462634,25,0.13004464024701376,0.15708948471513992,0.2719073536809232,55.30624121696246,1,175672,0.40970922528538034,0.23686053244376432,16,high
Global Networks 3799,0.8615317268023401,4,0.018343205088324585,0.036246027695091436,0.03996996002849893,93.82952053789191,893,495998,0.05213819956451824,0.03514958890384448,1,low
Neptune Enterprises 7716,0.7586870306545588,5,0.09004870720989544,0.060108153406103884,0.13156547200022192,80.23144779335364,2714,34011,0.2027226258298315,0.028262320230705587,10,medium
Pinnacle Technologies 7753,0.8066164778094986,11,0.06778377055714409,0.040304359930805465,0.12160390727873253,64.82980626472168,2490,85574,0.1701714042894719,0.1339976392418621,9,medium
Vanguard Group 4578,0.8905720214163942,1,0.05799578990171405,0.03501554746065229,0.031303659639843745,95.1511589423961,5000,316428,0.0,0.010905830466597193,0,low
Jade Logistics 883,0.9172337360753754,5,0.015797163511217037,0.019689385230035553,0.04781176505630054,95.3097776221938,2190,500000,0.05398785827373893,0.017692578640220637,2,low
Delta Resources 7249,0.5909902236767178,17,0.14060390776493353,0.16605897851405965,0.2233190671850155,42.79257102223831,1314,187218,0.2562249269920833,0.1347935812067969,4,high
Vanguard Trading 1489,0.7392411399059534,14,0.09199218024364805,0.07344632466727356,0.08626031223287983,77.69114170033193,423,176642,0.18353481437194535,0.11539911916954118,3,medium
Vanguard Solutions 2978,0.8243658214201212,11,0.0717737332007807,0.127729722725832,0.12967455004408868,75.91213506662106,1467,110460,0.044532885789052644,0.1337880746759699,7,medium
Pinnacle Industries 8827,0.6550859641017371,23,0.21767725246675582,0.16887264231141638,0.17704675512592438,40.09161413735767,1,52381,0.35978391628588413,0.13107996388615478,9,high
Eagle Enterprises 8183,0.7665580865961523,35,0.1958936065819829,0.1450091485821059,0.10606209536339425,61.45925914496169,1648,170956,0.2572970956533542,0.1883575126445304,18,high
Granite Components 5331,0.8952880302227162,3,0.02005538147813989,0.03288853757971167,0.0477385123237521,98.61457532613274,2728,121626,0.02810467465921821,0.005647493210238847,1,low
Vanguard Technologies 6352,0.8736993649460185,6,0.1087704242202282,0.10641897906437857,0.11292528510640772,79.22866951912992,3137,190428,0.19447414309929473,0.12825110330420725,8,medium
Core Solutions 6358,0.9564448065495655,4,0.03876594003282996,0.016500919033018827,0.045144868029219985,83.71719283564333,2669,300530,0.06830574263054921,0.03669383669540858,3,low
Pacific Ventures 4401,0.8734629323318566,11,0.029933223477751854,0.07412050240501837,0.15079543457914107,73.73196487681939,1410,112139,0.17467182359648994,0.10455307827519282,11,medium
Saturn Manufacturing 2394,0.9596466306298914,4,0.02978473715639995,0.030991320121213695,0.052922063025651916,81.17317249939435,1034,500000,0.01520024096824889,0.009510819550429185,2,low
Neptune Services 9528,0.7143183661225074,21,0.16039012729969213,0.1579464310996544,0.20362470598508745,51.261857218339216,1666,145217,0.4061701596104185,0.09389420966332795,13,high
Vertex Resources 3015,0.7925160203992545,12,0.05710840951253455,0.12094595788550551,0.037965239118863944,56.72208751388072,1,217788,0.1705158792766757,0.16117649556333208,9,medium
Orion Solutions 6599,0.63843469616676,24,0.17381063558997123,0.17505109431097807,0.26855206675281984,59.05062404133897,285,163907,0.2529544642755201,0.2944832853052742,12,high
Saturn Enterprises 2452,0.7971668117056642,13,0.048122351737854056,0.11991297545047319,0.10218588895411806,68.71599865222694,2423,302943,0.11283118065965085,0.11286624802626358,6,medium
Saturn Supplies 929,0.6568881772630015,10,0.1712511306257731,0.20241002648584225,0.19284899405393502,40.76842083964528,383,1000,0.17096905447094415,0.2886090427383626,14,high
Sigma Enterprises 9975,0.8474618177926563,5,0.07773463974601731,0.05703468960625018,0.05110999508421917,68.17473806001676,1767,18214,0.20480181187279634,0.06682783527806613,9,medium
Atlantic Systems 4183,0.9279602765932184,0,0.0004663802286895206,0.03972594566057662,0.011918391722712224,96.20531516338055,3438,75942,0.03784004070075889,0.01939430541754516,3,low
Quantum Manufacturing 5298,0.8913957404980397,1,0.04966802147184441,0.02308270633673822,0.027521455056398983,91.73138957921626,4264,108092,0.05427882705500075,0.03224734800640128,3,low
Omega Corp 4833,0.6944946617995398,26,0.25356641337223385,0.2308493898571582,0.2940649157893437,61.40818160936703,1699,36262,0.31041343810958044,0.19987309435962516,7,high
Orion Partners 6550,0.5341900923124916,36,0.34299803101831056,0.3109558221220534,0.2630898277614117,27.06744973011772,565,46686,0.5761527842965021,0.40583806541014916,15,critical
Cobalt Systems 9644,0.6936143126330292,13,0.14952640348813942,0.14174122929004032,0.14567779324462235,42.52915502087437,658,88372,0.11935973665825537,0.12762922676048136,17,high
Emerald Industries 7813,0.8238853779224928,4,0.086285893549926,0.10365408207469415,0.08319383136291451,76.09085341292383,290,358520,0.16521425606379941,0.1336553528792421,7,medium
Crest Distribution 1608,0.9357258350864551,0,0.02367029954910187,0.0033842486151504413,0.05122290383622176,88.95823553597704,856,500000,0.05759950080012721,0.011450893847136859,1,low
Quantum Partners 8456,0.7324497898215478,2,0.05209950375862006,0.048880469171212276,0.04016105764732232,70.73256003413573,2154,258729,0.09356570129074274,0.07539675097743007,8,medium
Emerald Manufacturing 5166,0.9492208605370174,4,0.04432344483668113,0.007643406088389341,0.048021631814505555,83.64893966455853,3949,269806,0.019854614724981005,0.007786964473192904,0,low
Alpha Distribution 1023,0.9052468831375524,0,0.0,0.043867085410155895,0.021881195630048436,93.51971254323706,980,276668,0.0032232651383393082,0.011241751643937009,1,low
Sapphire Materials 6533,0.9134219346502889,1,0.040693188511289634,0.01719714598462103,0.014057246778150996,90.05253959106074,1172,371222,0.014077597304588723,0.024646103945530413,2,low
Alpha Distribution 101,0.5995583853570171,15,0.22861163069093357,0.09538757085265498,0.08701198731727947,49.8916323279589,978,208069,0.2812485484065356,0.15577443733207047,23,high
Saturn Global 1817,0.7696277647448373,10,0.029263885572845667,0.11138889779108672,0.13495256246795592,74.3194177854006,2110,160000,0.07564091363402783,0.1596301694123013,2,medium
Nexus Distribution 4095,0.9475667691753535,2,0.005360462095530638,0.032914516291469915,0.013848223987565647,88.83927202931224,414,211442,0.024112639937824577,0.0055056477449574965,0,low
Jade Global 5907,0.2636829040909719,53,0.37965116926331877,0.3965025135099959,0.24448870683793633,28.23051594152092,676,75543,0.6113844795013711,0.2730484863555054,21,critical
Metro Distribution 7722,0.9604307958772642,5,0.022429186910621395,0.019220585512343066,0.0032031625249207144,91.28075448470842,3262,11020,0.029691980523790865,0.02149440515050319,1,low
Vanguard Technologies 5804,0.8849193124130502,11,0.05098970485955837,0.08242889369613567,0.08493902955185553,62.585366174537754,1679,1000,0.17596217913003817,0.13856648458644288,3,medium
Titan Technologies 3606,0.950055122935735,2,0.006881894131639062,0.03500180617101055,0.03571219862843233,90.95221953879141,4480,146116,0.04093919696943578,0.012149091553361305,1,low
Metro Ventures 603,0.8620062470039667,0,0.020089332595520988,0.0,0.002472215527797476,94.31289197061481,664,336213,0.03616367251238417,0.04399834567759551,2,low
Peak Components 1933,0.8257812665274138,14,0.059574380648512115,0.034356050300378305,0.04321293443330371,62.85126197703002,1848,48170,0.10294566325082324,0.12828234811726816,11,medium
Beta Industries 9187,0.8555549953558302,5,0.0,0.008638691788310355,0.04949063271050999,92.30760826779094,1783,32514,0.07672612239223266,0.017977819154951828,3,low
Saturn Materials 7562,0.8963353714361554,2,0.03738696284770156,0.03421126615700729,0.049303566169778976,83.21589609400023,2377,17970,0.015836840642697834,0.04223644658754197,1,low
Mercury Technologies 4693,0.9227407877933991,0,0.02846379071196756,0.017243424812845656,0.03339008599946619,84.81896804933555,2084,76095,0.03630690849249591,0.006519238423923828,1,low
Titan Global 4145,0.743165293104928,5,0.07858282566089049,0.10061677892803361,0.144937024283391,64.58870674399299,2480,1000,0.06857059036013838,0.14007069015973542,7,medium
Atlantic Trading 1726,0.9298959862543891,2,0.04357325028448361,0.021282198122200027,0.0335393886467664,78.76781423505453,1136,457463,0.07874413091876628,0.024430805760007536,3,low
Pacific Industries 4659,0.8893680947737213,12,0.030313969021075013,0.07536112215708836,0.055020566162100895,60.87651381633739,3536,86761,0.055065053401995565,0.06057102392843822,6,medium
Pinnacle Corp 350,0.3283649940751456,50,0.3866926010167829,0.3554830882747578,0.3961782140848915,12.726973497002646,160,64102,0.6610425554488103,0.5164666002466844,40,critical
Stellar Services 3711,0.7082950171195301,22,0.22553379543557578,0.09362619756485943,0.22585743213988502,59.10422735946457,855,147093,0.38115316120216663,0.28556238505816195,13,high
Orion Materials 7496,0.4895427110016657,34,0.2468558553564088,0.37692215420270136,0.2043729140314433,4.505406150283823,201,12728,0.5385536865735776,0.31670876082662835,19,critical
Cobalt Industries 8812,0.6019155837790103,20,0.12906220517611983,0.1900509151091595,0.21743404138243613,43.42977072395935,652,118835,0.2962487982080206,0.2408779995099005,4,high
Phoenix Networks 2467,0.6211242724022962,13,0.2525141727545342,0.16990509729698075,0.28234970256382397,70.45084531474316,1662,106076,0.2255833837825321,0.17568128642693195,24,high
Vertex Logistics 3596,0.9361302666387235,1,0.02135790473164447,0.015947521594332686,0.042299216554288976,89.91081883854486,116,168240,0.03394615463139908,0.04988460615552868,0,low
Eagle Industries 3102,0.7340315119324375,3,0.05169295401436847,0.09131274582776827,0.07001803405161068,75.77641298966091,2442,86625,0.17932548246947755,0.05289243940110512,4,medium
Core Networks 2050,0.7878733738871986,6,0.11200311732860355,0.11508343439622074,0.08211893028223537,73.75592940982297,1313,251189,0.1818397026899268,0.03515472004434171,5,medium
Vertex Systems 5684,0.6936723508810796,28,0.25662376853209645,0.24030257469658653,0.2929552852233411,41.18124565383957,1169,101308,0.22788743357899147,0.19823658564789698,14,high
Amber Global 513,0.7292069212018853,29,0.1289379548196708,0.24734648970773743,0.2055626359696118,59.18461691022478,1141,60940,0.21223392942166697,0.17606416939670805,24,high
Pinnacle Trading 3065,0.6369541244144344,16,0.2060011202336283,0.13663520255831516,0.21689613119702017,60.95493974732774,1775,97637,0.3227635212856997,0.23624152993703076,17,high
Alpha Components 892,0.2837744324097336,28,0.3810586640909291,0.2898645103918204,0.20476930360398504,7.498879738864982,483,83113,0.4758001167753451,0.5407940283210879,25,critical
Eagle Partners 8304,0.9117216211765025,3,0.037365350698600704,0.02073344622931874,0.05827165373042141,89.0619302290655,2900,456576,0.05556015163128891,0.000469940725752901,1,low
Amber Distribution 3136,0.9042891862576689,9,0.09327599005914468,0.11097200928085445,0.08184102792795758,63.78667305237378,338,61392,0.1484572766014967,0.12361102685338823,9,medium
Prime Supplies 4126,0.250015267805286,38,0.41287845440917076,0.26208763607083624,0.3083061536824098,11.540745484807482,769,1865,0.4230665431350383,0.34857129515792473,38,critical
Saturn Industries 5939,0.7049191497702189,32,0.12847376878812036,0.1475642220223972,0.22412244408308923,54.2903068411384,859,92578,0.197512155397836,0.12319242146887753,24,high
Emerald Partners 2739,0.7169756208559378,19,0.13360809848631897,0.22207041889381313,0.202130820006303,43.122356932995125,972,48320,0.20119342952592603,0.2613635690872916,19,high
Saturn Global 2793,0.594569681256507,33,0.3679986425800532,0.46715679639346175,0.4907703129084282,35.807880104830225,633,23304,0.6948471320778459,0.47038744367112734,40,critical
Cobalt Partners 8666,0.7954552315041944,10,0.10558877579053631,0.11565421217864548,0.11435440057628794,70.921251475705,173,299624,0.13153786654725116,0.07887173042109259,9,medium
Neptune Corp 4858,0.6685687011449836,13,0.2441935498205882,0.19351823794159426,0.2466220341754401,40.40730391191108,1582,104752,0.3821224469405406,0.1346781454111563,7,high
Omega Manufacturing 6146,0.6600037691479003,25,0.11240739511234678,0.11214362049461792,0.2642417432545869,52.964597936455505,1841,50661,0.35828663703959424,0.19379419585135402,16,high
Atlas Networks 3721,0.9533448233092958,4,0.020471165168364377,0.05076887620616453,0.057236956808726945,97.14700517127824,2971,357121,0.05795684017231194,0.02400127871715905,1,low
Vertex Corp 4120,0.32244258480533095,60,0.4512251973743233,0.3021892760370927,0.3970942127688257,32.97845116660136,562,45148,0.6268184006190958,0.46720844806307793,45,critical
Pulsar Solutions 4788,0.8966848408534712,13,0.10750725506771391,0.09317973354286277,0.07443959881464494,72.78084913715406,1858,293949,0.07858506012202918,0.09871566366376158,10,medium
Vanguard Enterprises 5248,0.8591439795117297,5,0.003860920563981277,0.044878747317613946,0.047692819476528814,95.70339198892238,1317,324024,0.011705003956190818,0.033080776105916074,1,low
Eagle Technologies 2136,0.6607213191872876,14,0.1963917451684502,0.22855547699894052,0.2259558089788067,55.21506172330306,273,163617,0.2454285929141441,0.14358968154975574,20,high
Sigma Resources 1814,0.9136813679964901,11,0.10919911195204599,0.06046713734334048,0.14810501773399584,65.08078398744823,2190,145977,0.16917002124245303,0.16332064486340683,11,medium
Eagle Industries 2930,0.8349730629358673,10,0.10211361009159867,0.07359516264523391,0.030227706937077298,82.53697250104472,1710,275463,0.07101942595351633,0.02213942035535185,9,medium
Onyx Resources 8253,0.8705368330357026,3,0.035613382298934675,0.019332012889163707,0.01596923142995351,89.96225534042432,1385,500000,0.061130364351482475,0.0014303508715829403,1,low
Vanguard Enterprises 929,0.7736530410717757,3,0.0691008230309693,0.11979482601859776,0.06459941255293325,64.40229118346612,800,85120,0.0956308433842237,0.08242604947241851,9,medium
Jade Services 5687,0.9783959275244449,4,0.02676110515980483,0.026331711002155388,0.05217068724985654,87.45325265437111,2534,411272,0.03260318377985421,0.009689842046682062,1,low
Nexus Logistics 8208,0.5900088658028749,26,0.09987542196625182,0.222659818095459,0.2509630545392048,41.881372546987066,1074,60370,0.383390240048762,0.2936123956885703,9,high
Atlas Global 101,0.888583291656512,6,0.0865622659077835,0.0629454067691445,0.08456808572571564,74.8871386566175,2737,38934,0.15899296058991788,0.09092579461361508,10,medium
Vanguard Components 2181,0.8936319808320561,8,0.03314018855986562,0.10806583860468309,0.11652276380886743,67.54451032557196,2781,287925,0.0887735761896001,0.10979158078476316,6,medium
Core Networks 4779,0.8989781082196822,3,0.009570340875702079,0.029474543492496577,0.04315521894113741,92.8314929745446,2299,238289,0.036295136699510934,0.014173840596917366,2,low
Zenith Networks 785,0.35712979131790434,48,0.30602691649215785,0.3869104218969138,0.4714675090364285,25.414515293859182,635,28116,0.38119872480434575,0.2701591723181199,41,critical
Zenith Services 2307,0.7536723354318253,36,0.1284543821135611,0.24169515626798435,0.15441903385819197,53.607973125942785,1998,74642,0.30279813232069025,0.2492402909140168,19,high
Apex Distribution 9181,0.9496991605618481,2,0.040248037051286066,0.002231270512757402,0.024771651374471338,94.58035188086303,2237,209903,0.03089103397804067,0.0013697347592621402,2,low
Atlas Networks 1395,0.6667914190776434,27,0.24415633392447586,0.1234464225662398,0.1266756303004642,36.11172341211013,1392,155512,0.3038187512804492,0.21956849091042294,9,high
Neptune Resources 9429,0.8479582105449958,4,0.05337639090935946,0.07817459810998881,0.07220253345343576,78.80788158789478,746,30405,0.17246005609760068,0.0743250669687626,3,medium
Core Group 4001,0.9453661775022408,3,0.03498110110052501,0.012941010184843421,0.01763223941642451,98.06427895194867,1,500000,0.054771049861438416,0.03251343547700555,3,low
Neptune Supplies 811,0.785830614761725,8,0.052010738075964805,0.07576007310889876,0.0830313455300846,64.96713607890915,1971,98953,0.08964416592249196,0.053931747748066736,8,medium
Core Networks 5588,0.7262769776583087,10,0.05216923273549655,0.1084300008042791,0.10487243898605503,81.09699602282627,3317,166648,0.06870522235221285,0.09176438737939653,10,medium
Pacific Services 2251,0.5733234524859817,25,0.2346307958868936,0.11586963966688028,0.15528091027961674,56.42729631583368,359,37313,0.3261050093310481,0.2718672005012695,14,high
Metro Ventures 2615,0.6786577236463881,28,0.1412824794281372,0.23768795319249597,0.2605403465892341,59.49212430757816,2102,22750,0.2635452470968328,0.10667489524348035,16,high
Atlas Logistics 1239,0.9200106401758407,2,0.03657290352822133,0.018904738616521723,0.07148827676739011,90.63531024546457,1741,139863,0.08750349043914735,0.011369985705540722,2,low
Neptune Systems 5172,0.8555401981585576,4,0.03369545984733707,0.02423255588866151,0.04751805861218127,81.43247719308349,696,36814,0.011647729725998325,0.047628946582193375,2,low
Pacific Trading 689,0.6142816931255461,22,0.10823874315491132,0.11189147503603665,0.28567958578877267,37.90195709298096,1942,150047,0.19000785551616256,0.17595778406610985,12,high
Apex Distribution 8171,0.7160870474449564,10,0.0765589005362019,0.06971797660941252,0.09731929928878232,76.4840985846073,4,254915,0.10858488464095334,0.1650929677776441,6,medium
Delta Services 4125,0.7415582252334787,13,0.07747678069053232,0.08868989735721439,0.12015913189201796,67.87723723124255,1094,267329,0.12976343678333063,0.11081124749493469,9,medium
Pulsar Distribution 8527,0.877289832557515,4,0.043426338255247415,0.01230080208003534,0.04727527237734069,99.74434337495413,1266,2792,0.03644053689904255,0.012710318200332223,2,low
Core Distribution 1406,0.9893460043192127,4,0.016742525273243325,0.026772881266930997,0.04978888056882294,92.7316878897519,846,91792,0.05079312813334946,0.007737387893965882,3,low
Sapphire Partners 5018,0.9220550741052355,2,0.012080286530291941,0.011630107053662605,0.018905358396769142,85.64808198527908,2658,27019,0.0047622721517040605,0.0,0,low
Nexus Manufacturing 6343,0.8785182215847344,0,0.0051146883328222585,0.04315928953265546,0.04958101351831663,95.04827059099185,4732,342964,0.07170668437989013,0.013780159626766326,1,low
Jade Corp 3378,0.15178156472720752,35,0.4841943558052084,0.44817542776252417,0.40893807523816755,35.68976312714352,616,47525,0.5899726623106999,0.45653646605368015,27,critical
Metro Materials 2310,0.5205700254512091,25,0.09542935620702273,0.12880483378191918,0.2889447907499168,57.51190497201241,1095,158427,0.3405410072152824,0.10096514867719387,21,high
Falcon Systems 5687,0.8272498099397192,12,0.09416394799119523,0.024851066608733666,0.08795476422680595,77.79857127023143,1886,103689,0.060466587222198324,0.10820250290703139,12,medium
Orion Industries 1761,0.8833717544390876,1,0.04700993425501983,0.041119248808276096,0.05799142652790832,92.11922259763551,4974,368488,0.07429109021207564,0.023360436379196874,3,low
Prime Ventures 4947,0.7851128136530022,13,0.07525724309694812,0.05257524534644113,0.07298870260370682,62.36135798532091,3249,147472,0.20289693475777668,0.12740732884017955,8,medium
Cobalt Logistics 3074,0.7727874122163453,9,0.02895116483743124,0.07544142359101424,0.12422854706525278,73.34808604651887,1669,138815,0.201615185825671,0.10120858768208976,4,medium
Titan Enterprises 760,0.3845673272306489,54,0.29845696021893237,0.38466387455088813,0.48841444978364923,22.018963837320882,675,26586,0.5587215323261479,0.2713879476242457,44,critical
Nova Materials 7357,0.3707033325098686,53,0.4270298090682588,0.44782339154958095,0.4402866723248864,30.95914197319782,522,37187,0.36211107796735825,0.341738543157595,33,critical
Granite Technologies 7429,0.4621010850324111,41,0.17764053360743645,0.43942111547614177,0.3590283273944744,25.17790155334058,82,12668,0.6654602328855934,0.4594663695871961,25,critical
Nexus Materials 1409,0.8387783868199905,9,0.06329868993479301,0.06784963907286178,0.10210559038185746,63.21443621371527,2303,84345,0.20751864185400679,0.15305731271337955,6,medium
Neptune Trading 9584,0.4952793138712619,15,0.09924079789085961,0.21398839667094738,0.11632977609024527,45.25638610812705,1770,59248,0.22438317212945066,0.2021318593801983,20,high
Amber Networks 2925,0.6270853786299541,30,0.19816315439407436,0.160739583303964,0.16811933199081042,37.79840707305414,609,173334,0.3439712762827014,0.2248635300918149,9,high
Beta Industries 2431,0.7137156675696904,3,0.055635265288263874,0.07903469915541109,0.1107669427404379,61.74220575958059,1816,69405,0.18833289492118732,0.11329255963209961,3,medium
Global Resources 3138,0.6395704553038871,34,0.13566598342097813,0.12694516157731153,0.2230101846558666,40.406560505276396,1625,126907,0.19554227222269974,0.22312188155431031,13,high
Phoenix Trading 6750,0.8368879997528001,14,0.09607279252384976,0.10937210474505568,0.03595267487376637,70.99389731168627,1592,1934,0.16196795284715643,0.1522323322048332,3,medium
Falcon Components 1471,0.27611549231178395,30,0.4715742760730717,0.5061034031503089,0.4780043987480729,6.392897316292654,743,46791,0.45042486198180276,0.31637891962138665,37,critical
Sigma Supplies 7295,0.8039531948463506,2,0.07134642495563442,0.10115115096180627,0.10918408540629446,84.86606793037252,3574,34521,0.16936676234279716,0.06260895351040037,4,medium
Orion Ventures 7012,0.5458443919248913,14,0.11111494643559128,0.23186411936052254,0.18560020582306108,49.70269063172621,1435,61237,0.3088577481538046,0.23128098097318436,20,high
Jade Logistics 517,0.8580474242614662,1,0.04354341903750144,0.02064671749281806,0.04360007750301507,90.3115048287971,4563,77581,0.05575164710019715,0.03515161451850862,3,low
Summit Services 3659,0.8709151400871614,3,0.049121610080507694,0.002444281168952176,0.03303585517812003,99.41322674692375,691,192436,0.017192600457532747,0.033666023917616375,0,low
Metro Supplies 8653,0.8743750775136362,15,0.05595232220585555,0.11206888421226695,0.05187332307577075,81.5553869016422,3742,187911,0.18155125431561572,0.11542405815954128,6,medium
Saturn Industries 4358,0.9558277783090152,3,0.020187399642938697,0.0010918649167243285,0.003780939255999661,96.75859825441592,2015,365289,0.07766166238229606,0.03759160322115878,3,low
Atlas Components 5868,0.8636516582709154,10,0.11066420813998903,0.054655412771644325,0.043872282304294796,76.85525819392763,2227,353860,0.1953247304651631,0.12200427713928706,10,medium
Peak Logistics 6849,0.8671471301649324,0,0.015044221940061815,0.04261927597444619,0.03466126869476673,85.27229496849601,2342,449745,0.0,0.04418468275939717,0,low
Sigma Materials 3653,0.8922598963806122,7,0.0765605087741689,0.051344258171430186,0.04962405074085586,76.04890251285418,1001,324408,0.11099734941952849,0.0585960037583956,7,medium
Alpha Trading 7289,0.8822889884396139,2,0.035474165209909876,0.05037865425288274,0.019476532929881045,95.61529539713409,116,209288,0.00202042557694301,0.008388715523076604,2,low
Quantum Resources 4971,0.8076359164072467,9,0.026795873117100008,0.06010448482450162,0.06220564865014937,81.22308571672274,3434,147455,0.15130445589859068,0.12208870849373028,11,medium
Vanguard Industries 9229,0.49193377275933053,33,0.2413332028774504,0.2051230513412731,0.2524051308624082,40.047510841293736,1840,67796,0.2756167635267819,0.22168469718244696,24,high
Pulsar Logistics 8034,0.6117915716433079,22,0.1733494444137311,0.25019192230854115,0.10610041867041008,40.29892233390155,473,23248,0.2106430832787414,0.2024002810064699,19,high
Pinnacle Group 6267,0.6896628567380424,27,0.15262884474496777,0.21559207810184908,0.2682344173433991,42.84515235876628,1654,31443,0.28091416413538695,0.10946427067260753,13,high
Delta Ventures 406,0.5095497592542522,57,0.43670389230258694,0.28339315790702546,0.28980621662165146,16.296212646596498,195,83902,0.3894661118386056,0.25325337718501245,16,critical
Crest Ventures 5864,0.6521841539964076,32,0.2348113335448515,0.17924352882891018,0.24375453416942103,53.22305335108249,819,86136,0.1846722517659779,0.10659521972895489,23,high
Zenith Supplies 4429,0.9542915655106335,4,0.03714104411396457,0.008664995021613253,0.008135616384412011,91.88837688749834,1128,206710,0.07698682698886819,0.040249146128863045,3,low
Crest Partners 7624,0.720618502460111,10,0.06788871154819695,0.0878528145933635,0.10201623063221625,63.92021222905619,1364,339512,0.1231288506692408,0.07658222531059522,10,medium
Crest Trading 5561,0.9615096568747615,4,0.029177829914298917,0.04815535795303348,0.058009629390936034,98.43383598155233,2782,54230,0.06691566390946896,0.03919958946702563,2,low
Beta Solutions 2545,0.5604272539882278,14,0.15242615392989067,0.11823336471292081,0.22439067421091402,45.92945331276379,400,173967,0.18478282001733676,0.23742451872916312,22,high
Delta Group 9405,0.7909848191189045,8,0.11820332729283245,0.022010205937610966,0.08253289625107486,70.95147064184334,1952,301067,0.15722117228066967,0.024357937828088566,6,medium
Amber Technologies 4072,0.7784113167947224,11,0.11913400214047358,0.10789567075390942,0.07491022391026052,77.77756415337043,1064,213442,0.0603542353475934,0.08875899704424764,12,medium
Titan Services 7668,0.8797603110579094,5,0.037623435762995774,0.08596036970545251,0.12091523998483691,68.03153992274048,2300,67718,0.1307099524457637,0.04181361214293965,11,medium
Onyx Global 7257,0.8273890576965844,14,0.029070905567761932,0.10757691895669362,0.06556305830505346,71.80190516074775,563,97787,0.13649294615518306,0.0949292484198742,2,medium
Sigma Trading 5650,0.5471164452401118,9,0.2249568438977521,0.13718754406567055,0.10941079673569144,42.457840900571455,377,109418,0.38311974216393807,0.12530077390791478,8,high
Vertex Trading 8810,0.8888536576192198,5,0.026722096392026995,0.03295384551647339,0.013285406938081107,83.95374552423421,2418,121467,0.05289819008301483,0.04779875833970023,0,low
Neptune Distribution 8419,0.9330324423940444,1,0.005438227701296243,0.027403358604247294,0.011143268705765623,85.30641553084801,1425,149380,0.06542231035578804,0.01744602669933036,2,low
Pulsar Manufacturing 9561,0.796872796978284,35,0.09205375009470566,0.26404919874661886,0.2062618334002653,64.37505845905345,604,138416,0.3784260483815264,0.21152234435970046,24,high
Pacific Networks 3391,0.9013654528275228,2,0.0011430676729011695,0.0,0.03185167626705779,98.16334556184796,2367,249511,0.04123546999388425,0.03136687543107247,1,low
Saturn Global 6287,0.6476375540319654,18,0.17483590800677593,0.2163067862374594,0.1307790128668367,52.12871995437077,1117,21644,0.3932739543669475,0.3190326805310839,15,high
Atlas Partners 2712,0.626530634123019,15,0.10151836565595478,0.25378194538895193,0.24091054588846583,44.6026838435803,1838,151961,0.2550685185499651,0.26098372559339245,24,high
Onyx Distribution 8208,0.8602965521029547,4,0.01760070348470005,0.03794210837984607,0.057342525782298724,94.32778740453197,916,404299,0.012005387778815121,0.029284721734492494,3,low
Atlantic Technologies 2754,0.8373116702139853,0,0.02171640678581395,0.030582070269297382,0.035744760534285096,97.56205071674472,2277,442709,0.04246315738848173,0.029730598009401695,1,low
Vanguard Networks 724,0.6411675465621242,33,0.168563757876513,0.20673496028875846,0.24529925141778214,45.32930187411461,680,149543,0.28483295607692727,0.16800662850772496,23,high
Phoenix Solutions 9046,0.7639414876681628,4,0.06182508029177835,0.06622487831937234,0.06991127094469023,66.26219330041793,3071,187810,0.19947066274900657,0.15239728688994217,11,medium
Alpha Global 5843,0.20991678643769762,50,0.45837012639252495,0.3867586678872434,0.2738318173240144,15.096145972946449,773,38024,0.6425746489386304,0.5503517101931873,24,critical
Core Networks 1970,0.8857980171818656,11,0.11000714630857582,0.08441089802889071,0.07815489025476927,63.52120794412321,16,291215,0.12271412411638329,0.05130094204226422,5,medium
Mercury Global 5987,0.6947006379439483,36,0.16518723158265683,0.15450081218130146,0.12653332347315158,48.18529901711494,1964,187036,0.2360400595083345,0.12926241624303406,17,high
Vertex Components 4717,0.699989591117113,6,0.10543998898655575,0.07992031788231334,0.1103072912420375,71.47424453780019,2002,136204,0.20691447671199692,0.06124877288253561,9,medium
Alpha Distribution 8932,0.7192276853175775,34,0.12167374794366115,0.23316524393919655,0.2605458250495814,62.1285575099391,1119,161531,0.37756629486417836,0.20498888149302077,10,high
Summit Systems 6432,0.7007843602056029,6,0.09327023219426582,0.12324750869111123,0.0605705642990543,74.38857909541566,2956,320181,0.1697578363525017,0.07885706155274393,2,medium
Nova Trading 1781,0.865884854519674,5,0.03187779081539899,0.025433406570762294,0.022313114592762653,90.02134894917305,1841,377930,0.01950812816485066,0.04966750159246551,1,low
Sapphire Global 4680,0.49643604774490513,24,0.1415773617529478,0.24767612086970672,0.13730073040570354,55.766391113341534,2012,88573,0.18427127596178605,0.22166900722964505,8,high
Jade Enterprises 800,0.5713548333014323,33,0.09180808062087975,0.13191085612181452,0.074082789182017,43.11120740378117,690,83544,0.36615576498226177,0.14501310534800732,20,high
Sapphire Technologies 1329,0.7104937588453027,4,0.06611906168247011,0.051637255804950107,0.1506394382077103,68.7855958323477,2984,46930,0.1242550997468507,0.09513101219468945,10,medium
Titan Global 5057,0.8812483004802605,3,0.039525450058979415,0.05644787711620026,0.06946080949476954,62.38918259788101,989,129915,0.1894910718595305,0.07284219870536196,12,medium
Mercury Logistics 1072,0.8826818362437973,10,0.03781313459045238,0.08790244859006485,0.05814304293281967,75.72991654630667,1637,211935,0.08432365900149684,0.1036276981317316,9,medium
Sapphire Industries 6834,0.8698597893007418,3,0.011902776756625003,0.030661843222065235,0.016091208282745295,86.28435043965312,370,53825,0.05047961851682464,0.025401967170652275,3,low
Amber Enterprises 5638,0.8948412052704084,1,0.008292693125010488,0.00946115106045551,0.018166002250809526,84.52587364617813,3179,364301,0.026985298976924196,0.012485535499462925,2,low
Vertex Distribution 1320,0.5315062089681394,12,0.14167040763914043,0.19016837471029366,0.22714420050676876,57.972762310341835,794,188115,0.18007759486734684,0.2032531208990746,25,high
Alpha Global 3655,0.6967872992649804,32,0.09472312958413863,0.14484312953758746,0.202508115690844,61.03451062302678,1552,110256,0.21449625618742668,0.18468600503823285,8,high
Global Networks 8437,0.9456585924961567,4,0.04660532369400567,0.02234249628716287,0.02297765482097635,94.12531822320658,1352,199186,0.07010880633494136,0.030989172782302614,2,low
Titan Industries 4122,0.9218624941873025,3,0.018323726472794764,0.0054651047890055225,0.0042302495684485375,94.92731784842744,3484,370972,0.04490001329891298,0.0,0,low
Sapphire Ventures 2298,0.8645261868871628,2,0.041539061675093976,0.030279426447964015,0.023417818113957312,84.67420965211198,3189,432913,0.021953855629486457,0.020654280862814633,2,low
Summit Corp 1369,0.7123117338578462,25,0.2061559849010616,0.12474440293777815,0.2160618911850631,31.24518301743851,373,124100,0.30520040215292293,0.17576949064641986,24,high
Pulsar Trading 3881,0.8776423291175507,1,0.010356565372283893,0.04611128111740538,0.02456344195650434,88.59316505036624,2876,1000,0.03955890492571776,0.0,3,low
Eagle Global 2738,0.7240695361323876,14,0.08953023507983747,0.12471658258953847,0.042986491651301036,86.91717694097849,1297,167649,0.0689055497902389,0.023110137283952087,9,medium
Prime Supplies 9246,0.7598931514337134,14,0.13032251574544204,0.11319044562495381,0.13773379900794153,33.96627062440205,471,152698,0.23390386314748235,0.2407070571237596,4,high
Pulsar Group 3004,0.9074816389584609,5,0.04307519516245862,0.029035914750275695,0.045297176001868174,87.45116080973516,2146,183788,0.062407925258266106,0.045557645088088836,2,low
Omega Global 205,0.9326864612591897,0,0.03935769296613164,0.01095837729559894,0.025517466186930973,93.98916621742592,4252,157556,0.02114331342983941,0.033148505424981385,0,low
Apex Corp 7122,0.8120608402498518,13,0.0498642179885329,0.0448706934624431,0.047838141829878236,69.37045609599497,3318,341191,0.1491352843826592,0.052167139600596255,11,medium
Emerald Trading 5436,0.8441323312978457,4,0.10424434966479228,0.04878299926436434,0.05744937176105707,78.32500822598624,823,109520,0.1534267982939413,0.15652542949460774,5,medium
Atlas Industries 6764,0.8715153375773028,2,0.018807276893684187,0.01359061118109809,0.04450162644830957,81.1406752127426,411,120173,0.0653369334435684,0.01910412819264265,3,low
Vertex Solutions 4686,0.8252407026268892,14,0.08036007225986316,0.06147408129682531,0.11422811819856495,83.19887633631828,1,139262,0.18198701441436413,0.08663597187934516,11,medium
Falcon Corp 482,0.7825981614034088,4,0.08742789756849005,0.06745547211819539,0.12342757025672983,60.734303962688756,2624,23735,0.1404292580850523,0.11587656738819752,10,medium
Sapphire Solutions 1036,0.9753057314061855,4,0.04593894886424024,0.023586930002973124,0.02504927070622318,98.72107780186438,1186,404203,0.05411084351539921,0.0,3,low
Atlas Supplies 5868,0.9416164902866331,4,0.04145386262294391,0.040171941799072464,0.005725186850473969,98.17480946869087,1439,364252,0.010452244296372763,0.04479895116099015,1,low
Prime Global 3626,0.8228941272699182,9,0.04305517913025418,0.07537986637074107,0.12127603498127182,78.69262325330297,3528,306717,0.1179402663518407,0.09801158403362216,4,medium
Nexus Resources 9200,0.7789563954581059,7,0.047547328209022216,0.0780237903696761,0.08041836933591476,65.91283013238015,3048,277729,0.1154683607755421,0.08040034562861886,8,medium
Saturn Distribution 8664,0.8733334440440861,1,0.026894188223999832,0.044229854935390535,0.022514470688699804,96.25775867529241,4573,179833,0.07255361540168868,0.028552623148629542,3,low
Prime Ventures 1721,0.3723985478836225,43,0.18736861931400617,0.3483736249345146,0.2828177117912244,10.907209554471084,208,101795,0.6793642821707672,0.36028402687692374,13,critical
Delta Manufacturing 6056,0.7860187882458836,9,0.09639911058265277,0.06790990569706593,0.04536964243182329,61.703966310386335,1708,90739,0.15560510386552484,0.089870751950156,13,medium
Emerald Solutions 6616,0.6422142894748577,27,0.1630166657291813,0.19596840418831654,0.2408875668134694,47.015763185450965,1941,144992,0.2580485782825589,0.19730042314547505,10,high
Quantum Enterprises 6628,0.27756896088740146,54,0.2951256221213463,0.44779507625059056,0.315486133712343,6.630374873992342,549,79234,0.45354713742777397,0.6643010477398019,30,critical
Peak Resources 6085,0.9373918244618052,2,0.007070566415525071,0.037801590265612244,0.01578398638717334,85.57924327209261,2293,486010,0.057046885744030065,0.008801442801188037,3,low
Cobalt Logistics 6509,0.7332315726744157,34,0.15902623626234563,0.17343042865139038,0.09661488031576707,44.549662983882754,831,140562,0.2646417558566195,0.28074931834334155,21,high
Sigma Corp 2148,0.910066340000914,4,0.04370838482642665,0.04002968861235149,0.027467131637456177,100.0,2661,38782,0.08684807906279468,0.013729854347437502,1,low
Pulsar Industries 6975,0.8921465878298813,1,0.044988865164753644,0.037730946806362915,0.0003650081456894789,82.5009647202986,3564,85354,0.07333789081008468,0.040262626478954254,3,low
Sigma Distribution 8628,0.9202014208591666,4,0.008734269647800122,0.04019793870511241,0.03415259754509026,91.54522576165259,3129,282286,0.054449046486181485,0.027876582388623172,1,low
Nova Group 6484,0.7189948171378431,14,0.039882776070121286,0.0738906495006603,0.04938280985318004,78.18689123372349,3177,1000,0.12958772922548656,0.08008438092785815,7,medium
Mercury Manufacturing 5594,0.9321795545620339,1,0.021262857290945132,0.01807825715955097,0.023616484338023443,86.13496069256804,2940,205057,0.03687213365233955,0.0467265311037511,3,low
Zenith Partners 7717,0.8531487519199492,1,0.027546575515315756,0.029318970439719795,0.0016314873774676449,97.75030390611242,4195,336955,0.0514850208053963,0.0035915038683027025,0,low
Sapphire Partners 271,0.637190731607281,25,0.0872655760259336,0.16184944884298083,0.1936919231368573,47.74636453618575,1595,165311,0.2196085178161506,0.25041699312410914,16,high
Summit Resources 8743,0.8826218940477657,3,0.0,0.03555885511057918,0.005707479016505656,86.92909981908593,2225,120986,0.047246010638898356,0.046115564785949886,0,low
Zenith Group 1465,0.7452479363546635,25,0.08131428846262777,0.1303619092660164,0.0821633569907633,52.54786695394069,311,26039,0.17610378892640743,0.11103835419791941,14,high
Vanguard Trading 3770,0.9528414401513987,0,0.027590790924829748,0.009680087718474013,0.029871716028205153,91.87603881626946,1658,415249,0.013233181182179489,0.04567845828853816,0,low
Pulsar Industries 7412,0.5290672362300572,30,0.1677502824074238,0.14261778442603515,0.2576304572954019,67.86514527354919,978,193811,0.16208169871465122,0.24542195971646397,14,high
Quantum Corp 4999,0.9348378346310825,1,0.009382945521883665,0.007391382986245358,0.013504769366145974,87.67942568055732,1957,347084,0.0597467715860561,0.049824178926205505,1,low
Amber Global 4655,0.4737652646431662,27,0.13228323930983352,0.17364008021920055,0.17785766734031444,47.4238397724732,803,135987,0.2533635647846095,0.2929016801006098,14,high
Stellar Technologies 8276,0.6411839257457458,10,0.09721192376122106,0.20620752203873693,0.23494596355645714,42.59512678518425,266,63843,0.2585411133821537,0.16275015609911345,11,high
Titan Global 3458,0.5905712185111041,28,0.20184652531618344,0.11869625270998826,0.2813412537013414,49.40774769589714,1357,180710,0.3122108074205704,0.1827324479126826,17,high
Emerald Trading 3223,0.9833723944038457,2,0.011804995223013762,0.023716400400771137,0.032567082047587785,80.82194624224766,1,417580,0.06066474895093097,0.04596593557902975,1,low
Jade Supplies 5097,0.49248843822582755,25,0.1446067243118572,0.11805163442772025,0.23554330085566566,37.85465799018511,1958,127116,0.2981360137603084,0.20619361099454134,10,high
Titan Corp 5473,0.9589787423758008,3,0.02259413823124932,0.024081879229928296,0.017236717744376358,91.31742741021819,2781,331730,0.0,0.035480518316832126,1,low
Pacific Solutions 4203,0.6121413119151103,23,0.13135991507551942,0.20386793329684308,0.1794123926581644,41.32141965134412,1893,142281,0.19027047855975962,0.1817589817712902,15,high
Phoenix Industries 8464,0.7317486047791069,12,0.09059291199756342,0.07539684826750757,0.12771130563963934,83.61651496569064,691,201529,0.06331978711697353,0.044655280083605926,11,medium
Beta Resources 114,0.7564625134290413,12,0.11238861272957881,0.09216829373096234,0.09051827450395687,68.7336446218686,951,231594,0.15702439622073194,0.11292511757522004,7,medium
Omega Supplies 4376,0.23044290243491827,47,0.4360303422494288,0.24950435707891971,0.33136455893629974,6.12173090859276,174,9690,0.6707674100178067,0.24703771409593056,41,critical
Cobalt Supplies 1042,0.7736128286105707,27,0.1814504326294115,0.0894310870119671,0.14429493339565294,40.698763932058704,508,149956,0.21338255278796656,0.23235632210525028,9,high
Metro Logistics 5228,0.5070052697703723,32,0.12254502251002555,0.21845330810981936,0.2127541255854504,40.63031604486678,1021,88425,0.21837105485668928,0.16465431341336784,16,high
Mercury Trading 5538,0.8565380052415634,3,0.024283304576774224,0.04602997917080501,0.029487508550661852,95.57912625053618,4279,369852,0.049441551778828835,0.04807454352427771,1,low
Pinnacle Supplies 9754,0.9766761095227813,3,0.02651474372970012,0.025073602332240312,0.0,78.86886685565118,1095,55770,0.0721452764604953,0.0338166012190735,2,low
Orion Global 3439,0.9669460546495023,2,0.0408243221317212,0.014140138276338749,0.037764832804262544,82.50758987159738,4470,142615,0.03958622024754142,0.026198988105761278,1,low
Vertex Systems 7371,0.8224478841397819,14,0.08982315877113677,0.0780764869943601,0.058395773021420745,72.04206546516843,1214,290820,0.1957656635437147,0.13923391562392562,6,medium
Atlas Enterprises 1458,0.4816129105434063,32,0.0777377618212055,0.10227429129362153,0.21069015322386342,46.02515211828272,1,99102,0.20827883382440127,0.3035980697911802,19,high
Saturn Manufacturing 3441,0.7632308546665927,7,0.022470386081342386,0.10055650487683275,0.062485975662252446,69.20195761127542,3401,76024,0.08774215591953592,0.04882826815701841,10,medium
Jade Solutions 2613,0.5675181767940092,19,0.218261214493334,0.22497546799963777,0.27629925144815837,38.16407361395952,1239,86141,0.17554855290670693,0.21351513509918144,13,high
Titan Trading 8382,0.6891932441315672,15,0.09384810816888833,0.063879213066895,0.06050105545608609,68.58264156927103,3182,34294,0.15842726577142796,0.10324305615657856,9,medium
Phoenix Solutions 1210,0.5515114233257601,34,0.11161743462833326,0.2260191516100135,0.12335418530308294,49.97388782248686,626,62646,0.15318099551722866,0.24419872671156517,19,high
Pinnacle Components 7782,0.7125786029003736,18,0.21457860363577969,0.19143394321199028,0.11518094758997185,42.51759415647494,232,162859,0.3849270899026178,0.24545181265356084,12,high
Vertex Technologies 7508,0.9544697782433164,4,0.004389553410340898,0.037124586789146555,0.005102793268848379,90.78753185782816,547,370810,0.005021448781443019,0.00401246085951236,3,low
Nova Services 5174,0.8451341344961285,5,0.07021756802336074,0.07120160537016976,0.10880491179791335,70.82087893866502,1922,49325,0.13732790102135378,0.04386010350701377,9,medium
Vertex Distribution 8803,0.9713460445879647,0,0.0445043154664623,0.0,0.049088220955897745,90.88037322963623,4320,298299,0.058511994008620866,0.021815094412367963,2,low
Beta Solutions 1142,0.9173138854047904,3,0.01837304747940179,0.006987552125550975,0.02576116780092786,84.52586513229585,4231,190846,0.0038971863988278843,0.033617812075927594,2,low
Atlas Technologies 4375,0.40850236035177195,57,0.4629782557072524,0.29366343160675645,0.32860779018333236,34.78601710559418,729,55612,0.6097561905859876,0.6176897416032151,41,critical
Sapphire Enterprises 2820,0.533918852064374,60,0.5256235622251347,0.44479892426599926,0.4675944939751685,23.730454530673015,599,35234,0.3675816535339381,0.4279078756072165,21,critical
Orion Networks 3700,0.853118055901865,12,0.1088290242353242,0.09572567085328111,0.037472500119475755,62.03448829531617,890,203318,0.13749589118343689,0.1515338948775047,1,medium
Sigma Components 6513,0.9397201498753681,2,0.04822543237391767,0.004987838106101446,0.005496343441811667,88.10064790906624,4780,186848,0.05082652296042111,0.018288835524161603,1,low
Orion Components 618,0.8849410487696775,4,0.012077090384846386,0.001394941262734606,0.004331667574591328,84.9851852680353,2709,247435,0.008380852015253354,0.041262286225626825,1,low
Onyx Networks 2688,0.916769632153075,0,0.049692620691570176,0.02861130574583559,0.03666114348879697,84.96740232100109,3486,273361,0.021310620704686697,0.020647752119111754,1,low
Neptune Supplies 1103,0.7324089563241521,22,0.208069811339202,0.13836976463458234,0.08338899603191824,50.10926608083264,1106,124219,0.21416831932989985,0.2685536983795283,10,high
Nova Materials 6154,0.7634623656554838,12,0.06066760142822263,0.10036025305982188,0.04347709695707345,78.76218850522064,1814,187489,0.06006936499404364,0.1231664164615933,8,medium
Omega Logistics 1245,0.8751540910526994,10,0.025124764077609194,0.10968227029697351,0.1390724977977671,67.74274817645437,768,128947,0.14223202017093337,0.12332795112783251,5,medium
Emerald Distribution 2571,0.8083287836220983,3,0.09817510766476671,0.11785641530112807,0.06468888641400726,69.37229434021609,2985,183233,0.08365508111748021,0.027775228982415523,6,medium
Global Networks 2763,0.9470362377156953,0,0.012134413765786728,0.0008523927858643775,0.015099730314110802,93.5589918187995,576,100508,0.0225639965045734,0.035329392161110466,1,low
Prime Industries 7417,0.9346951443780881,1,0.02299736086797012,0.008265210702386156,0.02907323815839714,97.72415620513702,3902,367058,0.007365823929777042,0.0006822524310955292,1,low
Peak Networks 8186,0.9973967784853552,0,0.03267589562280573,0.0015337947616235643,0.03797549373162638,98.46698656676828,2467,426037,0.04506593000311995,0.023627727519486382,0,low
Falcon Services 2989,0.7259433795839606,22,0.10038529636329006,0.17300023074373416,0.21338248714118696,49.22394653697209,1752,38347,0.3319741173476203,0.29500803174841295,22,high
Vanguard Technologies 3080,0.8902788869158657,9,0.03781587882119776,0.1201313104560947,0.07839757718459162,71.65009986001185,2286,85216,0.1409952349315592,0.10558400524008643,2,medium
Metro Ventures 3793,0.9619687499641091,4,0.00542872493899011,0.008616316597656569,0.021046745490877303,92.80524311819592,301,205259,0.03704366266940204,0.01274776550130955,0,low
Orion Industries 9394,0.47557783675258386,19,0.19830333564272334,0.1532641103484087,0.28648833344533964,51.84046583739909,993,140925,0.14776951519884485,0.20389491147767788,9,high
Alpha Industries 6039,0.97681598993132,1,0.049721236943766796,0.03856687455772734,0.04883632935638205,86.38869188607899,1518,349355,0.06660108276709144,0.01912470054330695,1,low
Vanguard Distribution 8291,0.9572942853137735,2,0.031294970443036335,0.03239536512765004,0.06172481404165215,94.8004446854239,3630,154432,0.0075859404470115695,0.03685934452796292,2,low
Saturn Networks 1184,0.8931046997244204,2,0.006926530868353086,0.0,0.022154436668906846,90.94977036866719,1108,74719,0.07075618075714622,0.039684977351499874,3,low
Falcon Partners 6612,0.8036415043490003,4,0.043937267562043504,0.1129377969879689,0.06756291386889,69.17109282106033,294,298357,0.10263128825232659,0.09507991776339966,5,medium
Prime Corp 165,0.9982942537552074,4,0.005672888258846173,0.035631868356336874,0.040659482481479804,86.9174778006847,1105,482209,0.01228955854387653,0.04181609610944243,2,low
Eagle Logistics 8102,0.929133667167526,2,0.0008389828237675891,0.021612368373562528,0.06164475161556795,90.5933293716081,2792,1000,0.058358563233545824,0.026564794157502902,1,low
Titan Partners 1936,0.9694904456475948,4,0.015181390660530548,0.039254829631280075,0.05577994327407926,87.51974673712616,2745,277136,0.06281090750439662,0.009028035773373005,3,low
Global Industries 2267,0.6991294543752409,10,0.24589423306674568,0.2600250756386406,0.12812240211106138,41.083850710261636,859,173490,0.1985132851291538,0.28560282524791475,10,high
Zenith Distribution 6394,0.44665133440309074,30,0.1385499722082561,0.2975800965483804,0.4774177936387054,7.789636519565118,375,80207,0.5426147933842203,0.5200401533920872,42,critical
Saturn Materials 8953,0.7423100478640404,12,0.04034698753882688,0.05780453563472256,0.11536130051926455,60.27563805289247,2268,48595,0.1847929275209471,0.11860148293499573,11,medium
Pulsar Partners 5644,0.6744892889275178,20,0.17909916908585985,0.18333075543851213,0.2539293862409995,38.55409592818407,1739,43688,0.37110936987398285,0.0840059066182523,8,high
Onyx Manufacturing 2261,0.8609169446518921,10,0.06544528124032795,0.02824604450000328,0.13603013881307752,65.85799485581086,2484,110373,0.07994803412980107,0.03602281845118237,9,medium
Amber Corp 9960,0.4950360018066676,50,0.10579544948494052,0.5163969536463816,0.43141761913262716,24.44671658930787,776,53918,0.3531428512606988,0.30689890905518447,16,critical
Global Global 8845,0.8168862302339341,5,0.06605917974945466,0.0401768544963875,0.14831889329043854,71.50149135302006,2627,140550,0.1777346904788151,0.04891763832227104,10,medium
Pinnacle Distribution 9454,0.5977370414996773,20,0.14995398832931506,0.19527385910442913,0.12041041934423327,49.44429350036736,362,157193,0.18134266192642848,0.30720692672419353,7,high
Alpha Global 1456,0.8972846029774573,4,0.023741609889674845,0.026890951026234473,0.018562848623902978,92.84315798842012,3620,62605,0.08008238744090294,0.04767419023464554,0,low
Falcon Industries 4169,0.6920646562798787,16,0.0989059756476745,0.08450690768535998,0.10230154075904366,78.56394226893977,1079,202611,0.17936604440599666,0.0363234060781308,10,medium
Core Partners 9853,0.720731710409001,21,0.1396548348576461,0.2521310763725998,0.27042278234428996,41.47509879975856,542,12602,0.26670008880422424,0.2102248315475693,14,high
Amber Supplies 2904,0.8679972680061084,7,0.10521469643255309,0.06941581228286915,0.14964334144293978,67.78883613715954,846,214223,0.17534369754232487,0.04084063097275564,11,medium
Beta Industries 621,0.7580201386919145,10,0.03021299665700903,0.05857396501227475,0.07248412719942822,62.77413538198923,3049,42105,0.11531653802387001,0.029689611513207058,12,medium
Zenith Supplies 7862,0.8704504603943138,2,0.00675554768487545,0.01657634188165069,0.0,83.90160060796904,5000,258136,0.06722230127165148,0.0001867150966187582,1,low
Amber Technologies 6660,0.4816362037854434,14,0.15646967076759505,0.14282834480158327,0.23043350755366424,58.90388493589671,1,194350,0.3270314905926643,0.1767152908027112,19,high
Saturn Industries 5421,0.7853566265781056,5,0.08464631247519623,0.07510427316061473,0.09443652606955971,74.08386830115806,792,199194,0.1699754726671974,0.10928938209532471,10,medium
Pacific Materials 386,0.8884693075615039,5,0.09440050269696344,0.06542293166015588,0.04842559355359423,67.17153099349208,817,82181,0.13580428450700419,0.06059421376033388,8,medium
Cobalt Industries 2434,0.7300993051162096,6,0.1191272119308672,0.10308797183201152,0.06457867280883912,72.28590466061861,867,165592,0.06705998475422963,0.10124967802315463,6,medium
Nexus Global 8297,0.8904387123056816,6,0.050557239348954196,0.08525415912168466,0.0452910117837658,69.86660242025579,2210,93046,0.17830271317311477,0.12740246598570945,3,medium
Nova Logistics 1858,0.865732374848191,4,0.04224625157263398,0.010752338245091874,0.05430343579062233,98.07072949112042,4978,146479,0.0764706193937018,0.003408355389152219,1,low
Eagle Industries 7265,0.7469736064051399,11,0.11721126327009107,0.08406513320518808,0.04050313207933422,69.41123149447843,1539,223772,0.16814911497877216,0.0599290517538452,4,medium
Peak Materials 1229,0.8210470575139391,11,0.036560723171379525,0.05237965016190216,0.0832779305455616,78.50659995176859,2155,365126,0.14060319049297104,0.08801706119902346,13,medium
Beta Materials 7006,0.6750862379630406,23,0.14472519012586804,0.13154261374632506,0.29112234481759747,55.88428736004343,915,1000,0.28045514185791565,0.16213308199120324,8,high
Vanguard Group 3230,0.5955115216251781,30,0.11103033808973592,0.2245621581791309,0.2213986050527247,44.60255954059108,1783,106721,0.24631662706916801,0.13260491581099518,16,high
Jade Logistics 6411,0.9200366482864185,0,0.051598182960884136,0.04484075490983768,0.0173017687376432,91.87220148560623,3713,156103,0.016832164945870295,0.02058582179037481,2,low
Beta Services 8760,0.9089242488088511,5,0.006104749574822406,0.0067176129051861894,0.030998828839957315,92.95010179298153,2825,396581,0.06964202578048521,0.008052045057152549,2,low
Vertex Trading 9363,0.899199281285507,5,0.04441001112682663,0.03190609045055158,0.05382430221986499,94.69969126649924,348,333900,0.054062629414526546,0.020730332559953216,0,low
Summit Enterprises 4145,0.7882628083509394,11,0.033160420814073284,0.11132308368491135,0.12806648122573927,67.86971507926025,971,219614,0.15541460601846926,0.10606155728742431,9,medium
Quantum Distribution 9055,0.8673616807287688,2,0.00707960631435486,0.017171025561843106,0.006997120029346493,81.70895069474672,4597,224452,0.05864553688427525,0.028249847815020383,3,low
Metro Trading 6208,0.8844116149116108,2,0.032455563523096136,0.023297616755807896,0.05287460612630889,96.74086666471926,822,332882,0.06606688386493119,0.04379771250760854,1,low
Phoenix Systems 4202,0.2485126968644356,60,0.19073588861547922,0.35994144737336503,0.23984641556926456,17.278615120027553,710,92792,0.6219049265932662,0.4052922085517416,13,critical
Zenith Services 3013,0.8977129203334615,2,0.033298728582856735,0.0,0.06889593222939559,94.96486408320513,2426,307479,0.07964305831025162,0.04879119816321705,1,low
Jade Logistics 2917,1.0,3,0.050534643351335826,0.0017925465527290378,0.02738180065422728,96.34684612983929,3025,93204,0.028466095546440705,0.04490440470562048,3,low
Pinnacle Components 8381,0.7248883649927105,19,0.23239203325361615,0.1626465215864643,0.2755453253069222,45.40367054904917,1330,1000,0.3522195108509137,0.19794707674753745,9,high
Omega Manufacturing 1671,0.8044449171024063,7,0.06886640228655712,0.11280888258762584,0.07925120274220357,64.90514013659431,1596,207160,0.19766606197040634,0.06025402603108527,6,medium
Alpha Manufacturing 7935,0.7088825920274477,10,0.09039667639444743,0.038488758999857556,0.13692594548547696,67.34711704142327,1321,262556,0.16898893853275643,0.040417774836066685,5,medium
Sigma Ventures 2605,0.9205766788222597,4,0.016616533939096456,0.042234636349069946,0.039377356788887784,90.50564007544642,2662,1000,0.01579360597847919,0.03226980351712423,2,low
Cobalt Technologies 5201,0.548394473347854,13,0.1309646284660346,0.1655554901836795,0.1617126056121435,42.40893482267468,1037,104191,0.2022963448079013,0.1293711656451318,15,high
Granite Partners 3280,0.8780457679246493,2,0.0020297248446371516,0.02014087721570861,0.03168487430046486,96.33822368968706,524,327855,0.03142527496966549,0.01619903654624099,0,low
Stellar Global 8427,0.7327030761456793,11,0.08148548549406473,0.09079701362932276,0.07169534512110975,67.93831221183139,653,152584,0.16586190292180567,0.12458601211449777,8,medium
Stellar Industries 1619,0.8813682669979735,3,0.029973714927905556,0.034262517766409206,0.036692858459071845,95.09220028676407,1,295334,0.00011752409857910276,0.03629658029067731,3,low
Jade Systems 337,0.876926750379196,12,0.041410603541012364,0.09729681930895413,0.1126192434025016,63.429126543729595,2916,322542,0.15222351908087894,0.12763946649011543,11,medium
Sigma Systems 8711,0.4950274573638914,18,0.2159814437162421,0.2513240143430321,0.20317158051378095,40.65541822452616,822,62276,0.23144015513625302,0.23340914460635376,15,high
Saturn Ventures 7736,0.982757108127893,5,0.04170575722225818,0.04814174031466297,0.035575567348385864,81.65097853158494,3291,376159,0.04900248439421144,0.036846601859157085,1,low
Core Systems 1924,0.908150698274464,0,0.014219718415442268,0.01555845068578288,0.01781082231398894,79.11106668888227,2312,500000,0.04439047319640911,0.04215116386148955,1,low
Crest Networks 948,0.9167384595086465,3,0.021710195786964325,0.009876357997611225,0.02879040905194359,87.81593860436463,4347,84861,0.07429191471711254,0.010128036153925903,3,low
Stellar Distribution 5130,0.8712819017477117,5,0.03296795022836203,0.03913245761985851,0.0913664696945271,64.33054159672656,744,209448,0.11008453609153779,0.042312172765514924,5,medium
Pulsar Enterprises 8966,0.9353740897073114,4,0.04562355212202176,0.04362536807033755,0.03490622782863615,95.36504819293248,3687,19705,0.04253391963372798,0.024681459446673264,2,low
Nexus Industries 2009,0.9559295946587013,2,0.013041737636597061,0.006782114128415683,0.03569601054244593,99.75894917958753,5000,103501,0.008698550259611559,0.03494680317995901,0,low
Quantum Global 453,0.8578494152824384,5,0.04553021578971644,0.054277008964521,0.1131167878398582,81.28624797472267,2985,234193,0.1606108182721012,0.0956944438424133,12,medium
Beta Resources 4202,0.9458492280580677,0,0.015020606344827403,0.05305984530993597,0.034143686857880565,87.09592350625788,704,64295,0.008547405458185076,0.007963204094200132,0,low
Stellar Networks 2817,0.728846803978845,6,0.09721582358750148,0.11840819849858705,0.11566132707568356,58.12965485269097,1153,227143,0.16994133522435628,0.058407053508921516,11,medium
Orion Industries 1746,0.9548158113378773,3,0.03929670066036976,0.030582830955825806,0.01817733008379369,85.03478228514362,1109,98791,0.00936931594563796,0.0,1,low
Apex Services 5492,0.5247108029444374,18,0.2189578190545105,0.2297511774863083,0.2517375987555442,64.33539583955579,1406,106698,0.33783093127076236,0.09007521151995865,21,high
Pulsar Systems 6925,0.8977226065544548,1,0.04829945778355414,0.023629895109833255,0.03567055516217458,96.10042313981901,3072,340180,0.07091543734052493,0.03487059362015921,2,low
Neptune Resources 9543,0.9097046244843067,3,0.018962029090655787,0.032218991624597966,0.006231292781850676,91.00112109242477,2294,264799,0.004912236859254356,0.046949941652934285,2,low
Pacific Components 9903,0.8480220281069107,4,0.008911314845047043,0.003375271896728751,0.047584737323134035,98.01885024515185,1650,269542,0.07101449836864142,0.031767488482796924,2,low
Mercury Distribution 3003,0.5629762655754581,32,0.2177829929897648,0.24758394254372346,0.25565644669111187,36.44986729259864,1170,66716,0.3019751277103623,0.06376718347110319,10,high
Pinnacle Corp 5394,0.8728714402467215,5,0.04649509496412387,0.053537459599911394,0.05776847094285771,63.96736614263082,2203,1000,0.14531568460776592,0.10537214457514665,10,medium
Titan Trading 198,0.8776845780854521,1,0.035810900781390945,0.040780204040696016,0.03291632196802714,88.86384630522208,2463,279604,0.08170925109051788,0.009885353209008817,2,low
